[debug] [2026-09-09T18:51:43.229Z] ----------------------------------------------------------------------
[debug] [2026-09-09T18:51:43.232Z] Command:       C:\Program Files\nodejs\node.exe C:\Users\Aryan Kumar\AppData\Roaming\npm\node_modules\firebase-tools\lib\bin\firebase.js deploy --only functions --debug
[debug] [2026-09-09T18:51:43.233Z] CLI Version:   15.29.0
[debug] [2026-09-09T18:51:43.233Z] Platform:      win32
[debug] [2026-09-09T18:51:43.233Z] Node Version:  v24.19.0
[debug] [2026-09-09T18:51:43.233Z] Detected Agent: unknown
[debug] [2026-09-09T18:51:43.233Z] Time:          Thu Sep 10 2026 00:21:43 GMT+0530 (India Standard Time)
[debug] [2026-09-09T18:51:43.234Z] ----------------------------------------------------------------------
[debug] 
[debug] [2026-09-09T18:51:44.680Z] > command requires scopes: ["email","openid","https://www.googleapis.com/auth/cloudplatformprojects.readonly","https://www.googleapis.com/auth/firebase","https://www.googleapis.com/auth/cloud-platform"]
[debug] [2026-09-09T18:51:44.681Z] > authorizing via signed-in user (skullgate.mystery5@gmail.com)
[debug] [2026-09-09T18:51:44.681Z] [iam] checking project onlineprint4u-a5468 for permissions ["cloudfunctions.functions.create","cloudfunctions.functions.delete","cloudfunctions.functions.get","cloudfunctions.functions.list","cloudfunctions.functions.update","cloudfunctions.operations.get","firebase.projects.get"]
[debug] [2026-09-09T18:51:44.693Z] Checked if tokens are valid: true, expires at: 1788982786771
[debug] [2026-09-09T18:51:44.694Z] Checked if tokens are valid: true, expires at: 1788982786771
[debug] [2026-09-09T18:51:44.696Z] >>> [apiv2][query] POST https://cloudresourcemanager.googleapis.com/v1/projects/onlineprint4u-a5468:testIamPermissions [none]
[debug] [2026-09-09T18:51:44.696Z] >>> [apiv2][(partial)header] POST https://cloudresourcemanager.googleapis.com/v1/projects/onlineprint4u-a5468:testIamPermissions  x-goog-user-project=onlineprint4u-a5468
[debug] [2026-09-09T18:51:44.696Z] >>> [apiv2][body] POST https://cloudresourcemanager.googleapis.com/v1/projects/onlineprint4u-a5468:testIamPermissions {"permissions":["cloudfunctions.functions.create","cloudfunctions.functions.delete","cloudfunctions.functions.get","cloudfunctions.functions.list","cloudfunctions.functions.update","cloudfunctions.operations.get","firebase.projects.get"]}
[debug] [2026-09-09T18:51:46.533Z] <<< [apiv2][status] POST https://cloudresourcemanager.googleapis.com/v1/projects/onlineprint4u-a5468:testIamPermissions 200
[debug] [2026-09-09T18:51:46.533Z] <<< [apiv2][body] POST https://cloudresourcemanager.googleapis.com/v1/projects/onlineprint4u-a5468:testIamPermissions {"permissions":["cloudfunctions.functions.create","cloudfunctions.functions.delete","cloudfunctions.functions.get","cloudfunctions.functions.list","cloudfunctions.functions.update","cloudfunctions.operations.get","firebase.projects.get"]}
[debug] [2026-09-09T18:51:46.533Z] Checked if tokens are valid: true, expires at: 1788982786771
[debug] [2026-09-09T18:51:46.534Z] Checked if tokens are valid: true, expires at: 1788982786771
[debug] [2026-09-09T18:51:46.534Z] >>> [apiv2][query] POST https://iam.googleapis.com/v1/projects/onlineprint4u-a5468/serviceAccounts/onlineprint4u-a5468@appspot.gserviceaccount.com:testIamPermissions [none]
[debug] [2026-09-09T18:51:46.534Z] >>> [apiv2][body] POST https://iam.googleapis.com/v1/projects/onlineprint4u-a5468/serviceAccounts/onlineprint4u-a5468@appspot.gserviceaccount.com:testIamPermissions {"permissions":["iam.serviceAccounts.actAs"]}
[debug] [2026-09-09T18:51:47.143Z] <<< [apiv2][status] POST https://iam.googleapis.com/v1/projects/onlineprint4u-a5468/serviceAccounts/onlineprint4u-a5468@appspot.gserviceaccount.com:testIamPermissions 200
[debug] [2026-09-09T18:51:47.144Z] <<< [apiv2][body] POST https://iam.googleapis.com/v1/projects/onlineprint4u-a5468/serviceAccounts/onlineprint4u-a5468@appspot.gserviceaccount.com:testIamPermissions {"permissions":["iam.serviceAccounts.actAs"]}
[info] 
[info] === Deploying to 'onlineprint4u-a5468'...
[info] 
[info] i  deploying functions 
[debug] [2026-09-09T18:51:47.153Z] Checked if tokens are valid: true, expires at: 1788982786771
[debug] [2026-09-09T18:51:47.153Z] Checked if tokens are valid: true, expires at: 1788982786771
[debug] [2026-09-09T18:51:47.153Z] >>> [apiv2][query] GET https://cloudresourcemanager.googleapis.com/v1/projects/onlineprint4u-a5468 [none]
[debug] [2026-09-09T18:51:47.571Z] <<< [apiv2][status] GET https://cloudresourcemanager.googleapis.com/v1/projects/onlineprint4u-a5468 200
[debug] [2026-09-09T18:51:47.572Z] <<< [apiv2][body] GET https://cloudresourcemanager.googleapis.com/v1/projects/onlineprint4u-a5468 {"projectNumber":"72980058633","projectId":"onlineprint4u-a5468","lifecycleState":"ACTIVE","name":"OnlinePrint4U","labels":{"firebase":"enabled","firebase-core":"disabled"},"createTime":"2026-08-07T09:07:26.602Z"}
[info] i  functions: preparing codebase default for deployment 
[info] i  functions: ensuring required API cloudfunctions.googleapis.com is enabled... 
[info] i  functions: ensuring required API cloudbuild.googleapis.com is enabled... 
[info] i  artifactregistry: ensuring required API artifactregistry.googleapis.com is enabled... 
[debug] [2026-09-09T18:51:47.584Z] Checked if tokens are valid: true, expires at: 1788982786771
[debug] [2026-09-09T18:51:47.585Z] Checked if tokens are valid: true, expires at: 1788982786771
[debug] [2026-09-09T18:51:47.585Z] >>> [apiv2][query] GET https://firebase.googleapis.com/v1beta1/projects/onlineprint4u-a5468/adminSdkConfig [none]
[debug] [2026-09-09T18:51:48.184Z] <<< [apiv2][status] GET https://firebase.googleapis.com/v1beta1/projects/onlineprint4u-a5468/adminSdkConfig 200
[debug] [2026-09-09T18:51:48.184Z] <<< [apiv2][body] GET https://firebase.googleapis.com/v1beta1/projects/onlineprint4u-a5468/adminSdkConfig {"projectId":"onlineprint4u-a5468","databaseURL":"https://onlineprint4u-a5468-default-rtdb.firebaseio.com","storageBucket":"onlineprint4u-a5468.firebasestorage.app"}
[debug] [2026-09-09T18:51:48.185Z] Checked if tokens are valid: true, expires at: 1788982786771
[debug] [2026-09-09T18:51:48.186Z] Checked if tokens are valid: true, expires at: 1788982786771
[debug] [2026-09-09T18:51:48.186Z] >>> [apiv2][query] GET https://runtimeconfig.googleapis.com/v1beta1/projects/onlineprint4u-a5468/configs [none]
[debug] [2026-09-09T18:51:48.737Z] <<< [apiv2][status] GET https://runtimeconfig.googleapis.com/v1beta1/projects/onlineprint4u-a5468/configs 200
[debug] [2026-09-09T18:51:48.738Z] <<< [apiv2][body] GET https://runtimeconfig.googleapis.com/v1beta1/projects/onlineprint4u-a5468/configs {}
[debug] [2026-09-09T18:51:48.739Z] Validating nodejs source
[warn] !  functions: Runtime Node.js 20 was deprecated on 2026-04-30 and will be decommissioned on 2026-10-30, after which you will not be able to deploy without upgrading. Consider upgrading now to avoid disruption. See https://cloud.google.com/functions/docs/runtime-support for full details on the lifecycle policy 
[warn] !  functions: package.json indicates an outdated version of firebase-functions. Please upgrade using npm install --save firebase-functions@latest in your functions directory. 
[warn] !  functions: Please note that there will be breaking changes when you upgrade. 
[debug] [2026-09-09T18:51:50.494Z] > [functions] package.json contents: {
  "name": "onlineprint4u-functions",
  "description": "Cloud Functions for Online Print 4U",
  "scripts": {
    "lint": "eslint --ext .ts src",
    "build": "tsc",
    "serve": "npm run build && firebase emulators:start --only functions",
    "shell": "npm run build && firebase functions:shell",
    "start": "npm run shell",
    "deploy": "npm run build && firebase deploy --only functions",
    "logs": "firebase functions:log"
  },
  "engines": {
    "node": "20"
  },
  "main": "lib/index.js",
  "dependencies": {
    "firebase-admin": "^11.11.0",
    "firebase-functions": "^4.5.0",
    "nodemailer": "^6.9.14"
  },
  "devDependencies": {
    "@types/nodemailer": "^6.4.15",
    "typescript": "^5.4.0"
  },
  "private": true
}
[debug] [2026-09-09T18:51:50.494Z] Building nodejs source
[info] i  functions: Loading and analyzing source code for codebase default to determine what to deploy 
[info] i  functions: You are using a version of firebase-functions SDK (4.9.0) that does not have support for the newest Firebase Extensions features. Please update firebase-functions SDK to >=5.1.0 to use them correctly 
[debug] [2026-09-09T18:51:50.496Z] Could not find functions.yaml. Must use http discovery
[debug] [2026-09-09T18:51:50.503Z] Found firebase-functions binary at 'C:\Users\Aryan Kumar\Documents\GitHub\onlineprint4u\functions\node_modules\.bin\firebase-functions'
[info] Serving at port 8247

[debug] [2026-09-09T18:51:51.004Z] Got response from /__/functions.yaml {"endpoints":{"sendOtp":{"platform":"gcfv1","availableMemoryMb":null,"timeoutSeconds":null,"minInstances":null,"maxInstances":null,"ingressSettings":null,"serviceAccountEmail":null,"vpc":null,"secretEnvironmentVariables":[{"key":"VITE_ZOHO_USER"},{"key":"VITE_ZOHO_PASS"},{"key":"VITE_ZOHO_SMTP_HOST"},{"key":"VITE_ZOHO_SMTP_PORT"},{"key":"VITE_ZOHO_FROM"}],"httpsTrigger":{},"entryPoint":"sendOtp"},"verifyOtp":{"platform":"gcfv1","labels":{},"availableMemoryMb":null,"timeoutSeconds":null,"minInstances":null,"maxInstances":null,"ingressSettings":null,"serviceAccountEmail":null,"vpc":null,"secretEnvironmentVariables":[{"key":"VITE_ZOHO_USER"},{"key":"VITE_ZOHO_PASS"},{"key":"VITE_ZOHO_SMTP_HOST"},{"key":"VITE_ZOHO_SMTP_PORT"},{"key":"VITE_ZOHO_FROM"}],"callableTrigger":{},"entryPoint":"verifyOtp"},"sendPasswordReset":{"platform":"gcfv1","labels":{},"availableMemoryMb":null,"timeoutSeconds":null,"minInstances":null,"maxInstances":null,"ingressSettings":null,"serviceAccountEmail":null,"vpc":null,"secretEnvironmentVariables":[{"key":"VITE_ZOHO_USER"},{"key":"VITE_ZOHO_PASS"},{"key":"VITE_ZOHO_SMTP_HOST"},{"key":"VITE_ZOHO_SMTP_PORT"},{"key":"VITE_ZOHO_FROM"}],"callableTrigger":{},"entryPoint":"sendPasswordReset"},"onOrderCreated":{"platform":"gcfv1","availableMemoryMb":null,"timeoutSeconds":null,"minInstances":null,"maxInstances":null,"ingressSettings":null,"serviceAccountEmail":null,"vpc":null,"secretEnvironmentVariables":[{"key":"VITE_ZOHO_USER"},{"key":"VITE_ZOHO_PASS"},{"key":"VITE_ZOHO_SMTP_HOST"},{"key":"VITE_ZOHO_SMTP_PORT"},{"key":"VITE_ZOHO_FROM"}],"eventTrigger":{"eventType":"providers/cloud.firestore/eventTypes/document.create","eventFilters":{"resource":"projects/onlineprint4u-a5468/databases/(default)/documents/orders/{orderId}"},"retry":false},"labels":{},"entryPoint":"onOrderCreated"}},"specVersion":"v1alpha1","requiredAPIs":[],"params":[{"type":"secret","name":"VITE_ZOHO_USER"},{"type":"secret","name":"VITE_ZOHO_PASS"},{"type":"secret","name":"VITE_ZOHO_SMTP_HOST"},{"type":"secret","name":"VITE_ZOHO_SMTP_PORT"},{"type":"secret","name":"VITE_ZOHO_FROM"}]}
[debug] [2026-09-09T18:51:54.047Z] Checked if tokens are valid: true, expires at: 1788982786771
[debug] [2026-09-09T18:51:54.047Z] Checked if tokens are valid: true, expires at: 1788982786771
[debug] [2026-09-09T18:51:54.047Z] >>> [apiv2][query] GET https://cloudfunctions.googleapis.com/v1/projects/onlineprint4u-a5468/locations/-/functions [none]
[debug] [2026-09-09T18:51:55.070Z] <<< [apiv2][status] GET https://cloudfunctions.googleapis.com/v1/projects/onlineprint4u-a5468/locations/-/functions 200
[debug] [2026-09-09T18:51:55.071Z] <<< [apiv2][body] GET https://cloudfunctions.googleapis.com/v1/projects/onlineprint4u-a5468/locations/-/functions {"functions":[{"name":"projects/onlineprint4u-a5468/locations/us-central1/functions/onOrderCreated","eventTrigger":{"eventType":"providers/cloud.firestore/eventTypes/document.create","resource":"projects/onlineprint4u-a5468/databases/(default)/documents/orders/{orderId}","service":"firestore.googleapis.com","failurePolicy":{}},"status":"OFFLINE","entryPoint":"onOrderCreated","timeout":"60s","availableMemoryMb":256,"serviceAccountEmail":"onlineprint4u-a5468@appspot.gserviceaccount.com","updateTime":"2026-09-09T18:27:16.889643123Z","versionId":"1","labels":{"deployment-tool":"cli-firebase","firebase-functions-hash":"caf62617a538254fe5aba7ea89ca3bcd4a353337"},"sourceUploadUrl":"https://storage.googleapis.com/uploads-824660725501.us-central1.cloudfunctions.appspot.com/b1653eae-50c8-4432-a681-e9d3c5bb7789.zip","environmentVariables":{"FIREBASE_CONFIG":"{\"projectId\":\"onlineprint4u-a5468\",\"databaseURL\":\"https://onlineprint4u-a5468-default-rtdb.firebaseio.com\",\"storageBucket\":\"onlineprint4u-a5468.firebasestorage.app\"}","GCLOUD_PROJECT":"onlineprint4u-a5468","EVENTARC_CLOUD_EVENT_SOURCE":"projects/onlineprint4u-a5468/locations/us-central1/functions/onOrderCreated"},"runtime":"nodejs20","maxInstances":3000,"ingressSettings":"ALLOW_ALL","buildId":"b904138a-763f-45ed-9ce8-0c5453c3cf46","buildEnvironmentVariables":{"GOOGLE_NODE_RUN_SCRIPTS":""},"secretEnvironmentVariables":[{"key":"VITE_ZOHO_USER","projectId":"72980058633","secret":"VITE_ZOHO_USER","version":"1"},{"key":"VITE_ZOHO_PASS","projectId":"72980058633","secret":"VITE_ZOHO_PASS","version":"1"},{"key":"VITE_ZOHO_SMTP_HOST","projectId":"72980058633","secret":"VITE_ZOHO_SMTP_HOST","version":"1"},{"key":"VITE_ZOHO_SMTP_PORT","projectId":"72980058633","secret":"VITE_ZOHO_SMTP_PORT","version":"1"},{"key":"VITE_ZOHO_FROM","projectId":"72980058633","secret":"VITE_ZOHO_FROM","version":"1"}],"buildName":"projects/72980058633/locations/us-central1/builds/b904138a-763f-45ed-9ce8-0c5453c3cf46","dockerRegistry":"ARTIFACT_REGISTRY","automaticUpdatePolicy":{},"buildServiceAccount":"projects/onlineprint4u-a5468/serviceAccounts/72980058633-compute@developer.gserviceaccount.com","satisfiesPzi":true},{"name":"projects/onlineprint4u-a5468/locations/us-central1/functions/sendPasswordReset","httpsTrigger":{"url":"https://us-central1-onlineprint4u-a5468.cloudfunctions.net/sendPasswordReset","securityLevel":"SECURE_ALWAYS"},"status":"OFFLINE","entryPoint":"sendPasswordReset","timeout":"60s","availableMemoryMb":256,"serviceAccountEmail":"onlineprint4u-a5468@appspot.gserviceaccount.com","updateTime":"2026-09-09T18:27:14.632735858Z","versionId":"1","labels":{"deployment-callable":"true","firebase-functions-hash":"caf62617a538254fe5aba7ea89ca3bcd4a353337","deployment-tool":"cli-firebase"},"sourceUploadUrl":"https://storage.googleapis.com/uploads-824660725501.us-central1.cloudfunctions.appspot.com/b1653eae-50c8-4432-a681-e9d3c5bb7789.zip","environmentVariables":{"FIREBASE_CONFIG":"{\"projectId\":\"onlineprint4u-a5468\",\"databaseURL\":\"https://onlineprint4u-a5468-default-rtdb.firebaseio.com\",\"storageBucket\":\"onlineprint4u-a5468.firebasestorage.app\"}","GCLOUD_PROJECT":"onlineprint4u-a5468","EVENTARC_CLOUD_EVENT_SOURCE":"projects/onlineprint4u-a5468/locations/us-central1/functions/sendPasswordReset"},"runtime":"nodejs20","ingressSettings":"ALLOW_ALL","buildId":"2caf52e2-9ef5-4d50-b6de-d248346d3111","buildEnvironmentVariables":{"GOOGLE_NODE_RUN_SCRIPTS":""},"secretEnvironmentVariables":[{"key":"VITE_ZOHO_USER","projectId":"72980058633","secret":"VITE_ZOHO_USER","version":"1"},{"key":"VITE_ZOHO_PASS","projectId":"72980058633","secret":"VITE_ZOHO_PASS","version":"1"},{"key":"VITE_ZOHO_SMTP_HOST","projectId":"72980058633","secret":"VITE_ZOHO_SMTP_HOST","version":"1"},{"key":"VITE_ZOHO_SMTP_PORT","projectId":"72980058633","secret":"VITE_ZOHO_SMTP_PORT","version":"1"},{"key":"VITE_ZOHO_FROM","projectId":"72980058633","secret":"VITE_ZOHO_FROM","version":"1"}],"buildName":"projects/72980058633/locations/us-central1/builds/2caf52e2-9ef5-4d50-b6de-d248346d3111","dockerRegistry":"ARTIFACT_REGISTRY","automaticUpdatePolicy":{},"buildServiceAccount":"projects/onlineprint4u-a5468/serviceAccounts/72980058633-compute@developer.gserviceaccount.com","satisfiesPzi":true},{"name":"projects/onlineprint4u-a5468/locations/us-central1/functions/verifyOtp","httpsTrigger":{"url":"https://us-central1-onlineprint4u-a5468.cloudfunctions.net/verifyOtp","securityLevel":"SECURE_ALWAYS"},"status":"OFFLINE","entryPoint":"verifyOtp","timeout":"60s","availableMemoryMb":256,"serviceAccountEmail":"onlineprint4u-a5468@appspot.gserviceaccount.com","updateTime":"2026-09-09T18:27:20.676512939Z","versionId":"1","labels":{"deployment-tool":"cli-firebase","deployment-callable":"true","firebase-functions-hash":"caf62617a538254fe5aba7ea89ca3bcd4a353337"},"sourceUploadUrl":"https://storage.googleapis.com/uploads-824660725501.us-central1.cloudfunctions.appspot.com/b1653eae-50c8-4432-a681-e9d3c5bb7789.zip","environmentVariables":{"FIREBASE_CONFIG":"{\"projectId\":\"onlineprint4u-a5468\",\"databaseURL\":\"https://onlineprint4u-a5468-default-rtdb.firebaseio.com\",\"storageBucket\":\"onlineprint4u-a5468.firebasestorage.app\"}","GCLOUD_PROJECT":"onlineprint4u-a5468","EVENTARC_CLOUD_EVENT_SOURCE":"projects/onlineprint4u-a5468/locations/us-central1/functions/verifyOtp"},"runtime":"nodejs20","ingressSettings":"ALLOW_ALL","buildId":"31f7f0d1-bd75-43e1-a36b-728f47e504cc","buildEnvironmentVariables":{"GOOGLE_NODE_RUN_SCRIPTS":""},"secretEnvironmentVariables":[{"key":"VITE_ZOHO_USER","projectId":"72980058633","secret":"VITE_ZOHO_USER","version":"1"},{"key":"VITE_ZOHO_PASS","projectId":"72980058633","secret":"VITE_ZOHO_PASS","version":"1"},{"key":"VITE_ZOHO_SMTP_HOST","projectId":"72980058633","secret":"VITE_ZOHO_SMTP_HOST","version":"1"},{"key":"VITE_ZOHO_SMTP_PORT","projectId":"72980058633","secret":"VITE_ZOHO_SMTP_PORT","version":"1"},{"key":"VITE_ZOHO_FROM","projectId":"72980058633","secret":"VITE_ZOHO_FROM","version":"1"}],"buildName":"projects/72980058633/locations/us-central1/builds/31f7f0d1-bd75-43e1-a36b-728f47e504cc","dockerRegistry":"ARTIFACT_REGISTRY","automaticUpdatePolicy":{},"buildServiceAccount":"projects/onlineprint4u-a5468/serviceAccounts/72980058633-compute@developer.gserviceaccount.com","satisfiesPzi":true},{"name":"projects/onlineprint4u-a5468/locations/us-central1/functions/sendOtp","httpsTrigger":{"url":"https://us-central1-onlineprint4u-a5468.cloudfunctions.net/sendOtp","securityLevel":"SECURE_ALWAYS"},"status":"OFFLINE","entryPoint":"sendOtp","timeout":"60s","availableMemoryMb":256,"serviceAccountEmail":"onlineprint4u-a5468@appspot.gserviceaccount.com","updateTime":"2026-09-09T18:26:30.078759625Z","versionId":"1","labels":{"firebase-functions-hash":"caf62617a538254fe5aba7ea89ca3bcd4a353337","deployment-tool":"cli-firebase"},"sourceUploadUrl":"https://storage.googleapis.com/uploads-824660725501.us-central1.cloudfunctions.appspot.com/b1653eae-50c8-4432-a681-e9d3c5bb7789.zip","environmentVariables":{"FIREBASE_CONFIG":"{\"projectId\":\"onlineprint4u-a5468\",\"databaseURL\":\"https://onlineprint4u-a5468-default-rtdb.firebaseio.com\",\"storageBucket\":\"onlineprint4u-a5468.firebasestorage.app\"}","GCLOUD_PROJECT":"onlineprint4u-a5468","EVENTARC_CLOUD_EVENT_SOURCE":"projects/onlineprint4u-a5468/locations/us-central1/functions/sendOtp"},"runtime":"nodejs20","ingressSettings":"ALLOW_ALL","buildId":"239ce2a7-6d1f-4af3-ba6d-64fa8b0e6858","buildEnvironmentVariables":{"GOOGLE_NODE_RUN_SCRIPTS":""},"secretEnvironmentVariables":[{"key":"VITE_ZOHO_USER","projectId":"72980058633","secret":"VITE_ZOHO_USER","version":"1"},{"key":"VITE_ZOHO_PASS","projectId":"72980058633","secret":"VITE_ZOHO_PASS","version":"1"},{"key":"VITE_ZOHO_SMTP_HOST","projectId":"72980058633","secret":"VITE_ZOHO_SMTP_HOST","version":"1"},{"key":"VITE_ZOHO_SMTP_PORT","projectId":"72980058633","secret":"VITE_ZOHO_SMTP_PORT","version":"1"},{"key":"VITE_ZOHO_FROM","projectId":"72980058633","secret":"VITE_ZOHO_FROM","version":"1"}],"buildName":"projects/72980058633/locations/us-central1/builds/239ce2a7-6d1f-4af3-ba6d-64fa8b0e6858","dockerRegistry":"ARTIFACT_REGISTRY","automaticUpdatePolicy":{},"buildServiceAccount":"projects/onlineprint4u-a5468/serviceAccounts/72980058633-compute@developer.gserviceaccount.com","satisfiesPzi":true}]}
[debug] [2026-09-09T18:51:55.074Z] Checked if tokens are valid: true, expires at: 1788982786771
[debug] [2026-09-09T18:51:55.074Z] Checked if tokens are valid: true, expires at: 1788982786771
[debug] [2026-09-09T18:51:55.082Z] >>> [apiv2][query] GET https://cloudfunctions.googleapis.com/v2/projects/onlineprint4u-a5468/locations/-/functions filter=environment%3D%22GEN_2%22
[debug] [2026-09-09T18:51:55.782Z] <<< [apiv2][status] GET https://cloudfunctions.googleapis.com/v2/projects/onlineprint4u-a5468/locations/-/functions 200
[debug] [2026-09-09T18:51:55.782Z] <<< [apiv2][body] GET https://cloudfunctions.googleapis.com/v2/projects/onlineprint4u-a5468/locations/-/functions {}
[debug] [2026-09-09T18:51:55.785Z] Attempting to merge .env secret bindings {} into declared secrets...)}
[debug] [2026-09-09T18:51:55.786Z] sendOtp declared secrets: [{"key":"VITE_ZOHO_USER","secret":"VITE_ZOHO_USER","projectId":"onlineprint4u-a5468"},{"key":"VITE_ZOHO_PASS","secret":"VITE_ZOHO_PASS","projectId":"onlineprint4u-a5468"},{"key":"VITE_ZOHO_SMTP_HOST","secret":"VITE_ZOHO_SMTP_HOST","projectId":"onlineprint4u-a5468"},{"key":"VITE_ZOHO_SMTP_PORT","secret":"VITE_ZOHO_SMTP_PORT","projectId":"onlineprint4u-a5468"},{"key":"VITE_ZOHO_FROM","secret":"VITE_ZOHO_FROM","projectId":"onlineprint4u-a5468"}]
[debug] [2026-09-09T18:51:55.786Z] verifyOtp declared secrets: [{"key":"VITE_ZOHO_USER","secret":"VITE_ZOHO_USER","projectId":"onlineprint4u-a5468"},{"key":"VITE_ZOHO_PASS","secret":"VITE_ZOHO_PASS","projectId":"onlineprint4u-a5468"},{"key":"VITE_ZOHO_SMTP_HOST","secret":"VITE_ZOHO_SMTP_HOST","projectId":"onlineprint4u-a5468"},{"key":"VITE_ZOHO_SMTP_PORT","secret":"VITE_ZOHO_SMTP_PORT","projectId":"onlineprint4u-a5468"},{"key":"VITE_ZOHO_FROM","secret":"VITE_ZOHO_FROM","projectId":"onlineprint4u-a5468"}]
[debug] [2026-09-09T18:51:55.786Z] sendPasswordReset declared secrets: [{"key":"VITE_ZOHO_USER","secret":"VITE_ZOHO_USER","projectId":"onlineprint4u-a5468"},{"key":"VITE_ZOHO_PASS","secret":"VITE_ZOHO_PASS","projectId":"onlineprint4u-a5468"},{"key":"VITE_ZOHO_SMTP_HOST","secret":"VITE_ZOHO_SMTP_HOST","projectId":"onlineprint4u-a5468"},{"key":"VITE_ZOHO_SMTP_PORT","secret":"VITE_ZOHO_SMTP_PORT","projectId":"onlineprint4u-a5468"},{"key":"VITE_ZOHO_FROM","secret":"VITE_ZOHO_FROM","projectId":"onlineprint4u-a5468"}]
[debug] [2026-09-09T18:51:55.787Z] onOrderCreated declared secrets: [{"key":"VITE_ZOHO_USER","secret":"VITE_ZOHO_USER","projectId":"onlineprint4u-a5468"},{"key":"VITE_ZOHO_PASS","secret":"VITE_ZOHO_PASS","projectId":"onlineprint4u-a5468"},{"key":"VITE_ZOHO_SMTP_HOST","secret":"VITE_ZOHO_SMTP_HOST","projectId":"onlineprint4u-a5468"},{"key":"VITE_ZOHO_SMTP_PORT","secret":"VITE_ZOHO_SMTP_PORT","projectId":"onlineprint4u-a5468"},{"key":"VITE_ZOHO_FROM","secret":"VITE_ZOHO_FROM","projectId":"onlineprint4u-a5468"}]
[debug] [2026-09-09T18:51:55.788Z] Checked if tokens are valid: true, expires at: 1788982786771
[debug] [2026-09-09T18:51:55.788Z] Checked if tokens are valid: true, expires at: 1788982786771
[debug] [2026-09-09T18:51:55.789Z] >>> [apiv2][query] GET https://secretmanager.googleapis.com/v1/projects/onlineprint4u-a5468/secrets/VITE_ZOHO_USER [none]
[debug] [2026-09-09T18:51:56.581Z] <<< [apiv2][status] GET https://secretmanager.googleapis.com/v1/projects/onlineprint4u-a5468/secrets/VITE_ZOHO_USER 200
[debug] [2026-09-09T18:51:56.581Z] <<< [apiv2][body] GET https://secretmanager.googleapis.com/v1/projects/onlineprint4u-a5468/secrets/VITE_ZOHO_USER {"name":"projects/72980058633/secrets/VITE_ZOHO_USER","replication":{"automatic":{}},"createTime":"2026-09-09T18:12:33.893901Z","labels":{"firebase-managed":"functions"},"etag":"\"165b10cbb8c45b\""}
[debug] [2026-09-09T18:51:56.582Z] Checked if tokens are valid: true, expires at: 1788982786771
[debug] [2026-09-09T18:51:56.582Z] Checked if tokens are valid: true, expires at: 1788982786771
[debug] [2026-09-09T18:51:56.582Z] >>> [apiv2][query] GET https://secretmanager.googleapis.com/v1/projects/onlineprint4u-a5468/secrets/VITE_ZOHO_USER/versions/latest [none]
[debug] [2026-09-09T18:51:57.060Z] <<< [apiv2][status] GET https://secretmanager.googleapis.com/v1/projects/onlineprint4u-a5468/secrets/VITE_ZOHO_USER/versions/latest 200
[debug] [2026-09-09T18:51:57.061Z] <<< [apiv2][body] GET https://secretmanager.googleapis.com/v1/projects/onlineprint4u-a5468/secrets/VITE_ZOHO_USER/versions/latest {"name":"projects/72980058633/secrets/VITE_ZOHO_USER/versions/1","createTime":"2026-09-09T18:12:40.535777Z","state":"ENABLED","replicationStatus":{"automatic":{}},"etag":"\"165b10cc01c2e1\""}
[debug] [2026-09-09T18:51:57.062Z] Checked if tokens are valid: true, expires at: 1788982786771
[debug] [2026-09-09T18:51:57.062Z] Checked if tokens are valid: true, expires at: 1788982786771
[debug] [2026-09-09T18:51:57.062Z] >>> [apiv2][query] GET https://secretmanager.googleapis.com/v1/projects/onlineprint4u-a5468/secrets/VITE_ZOHO_PASS [none]
[debug] [2026-09-09T18:51:57.539Z] <<< [apiv2][status] GET https://secretmanager.googleapis.com/v1/projects/onlineprint4u-a5468/secrets/VITE_ZOHO_PASS 200
[debug] [2026-09-09T18:51:57.539Z] <<< [apiv2][body] GET https://secretmanager.googleapis.com/v1/projects/onlineprint4u-a5468/secrets/VITE_ZOHO_PASS {"name":"projects/72980058633/secrets/VITE_ZOHO_PASS","replication":{"automatic":{}},"createTime":"2026-09-09T18:13:31.662658Z","labels":{"firebase-managed":"functions"},"etag":"\"165b10cf1ddb49\""}
[debug] [2026-09-09T18:51:57.540Z] Checked if tokens are valid: true, expires at: 1788982786771
[debug] [2026-09-09T18:51:57.540Z] Checked if tokens are valid: true, expires at: 1788982786771
[debug] [2026-09-09T18:51:57.540Z] >>> [apiv2][query] GET https://secretmanager.googleapis.com/v1/projects/onlineprint4u-a5468/secrets/VITE_ZOHO_PASS/versions/latest [none]
[debug] [2026-09-09T18:51:58.020Z] <<< [apiv2][status] GET https://secretmanager.googleapis.com/v1/projects/onlineprint4u-a5468/secrets/VITE_ZOHO_PASS/versions/latest 200
[debug] [2026-09-09T18:51:58.021Z] <<< [apiv2][body] GET https://secretmanager.googleapis.com/v1/projects/onlineprint4u-a5468/secrets/VITE_ZOHO_PASS/versions/latest {"name":"projects/72980058633/secrets/VITE_ZOHO_PASS/versions/1","createTime":"2026-09-09T18:13:37.969878Z","state":"ENABLED","replicationStatus":{"automatic":{}},"etag":"\"165b10cf6e22d6\""}
[debug] [2026-09-09T18:51:58.022Z] Checked if tokens are valid: true, expires at: 1788982786771
[debug] [2026-09-09T18:51:58.022Z] Checked if tokens are valid: true, expires at: 1788982786771
[debug] [2026-09-09T18:51:58.023Z] >>> [apiv2][query] GET https://secretmanager.googleapis.com/v1/projects/onlineprint4u-a5468/secrets/VITE_ZOHO_SMTP_HOST [none]
[debug] [2026-09-09T18:51:58.500Z] <<< [apiv2][status] GET https://secretmanager.googleapis.com/v1/projects/onlineprint4u-a5468/secrets/VITE_ZOHO_SMTP_HOST 200
[debug] [2026-09-09T18:51:58.500Z] <<< [apiv2][body] GET https://secretmanager.googleapis.com/v1/projects/onlineprint4u-a5468/secrets/VITE_ZOHO_SMTP_HOST {"name":"projects/72980058633/secrets/VITE_ZOHO_SMTP_HOST","replication":{"automatic":{}},"createTime":"2026-09-09T18:14:01.475303Z","labels":{"firebase-managed":"functions"},"etag":"\"165b10d0e4bbae\""}
[debug] [2026-09-09T18:51:58.501Z] Checked if tokens are valid: true, expires at: 1788982786771
[debug] [2026-09-09T18:51:58.501Z] Checked if tokens are valid: true, expires at: 1788982786771
[debug] [2026-09-09T18:51:58.501Z] >>> [apiv2][query] GET https://secretmanager.googleapis.com/v1/projects/onlineprint4u-a5468/secrets/VITE_ZOHO_SMTP_HOST/versions/latest [none]
[debug] [2026-09-09T18:51:58.977Z] <<< [apiv2][status] GET https://secretmanager.googleapis.com/v1/projects/onlineprint4u-a5468/secrets/VITE_ZOHO_SMTP_HOST/versions/latest 200
[debug] [2026-09-09T18:51:58.978Z] <<< [apiv2][body] GET https://secretmanager.googleapis.com/v1/projects/onlineprint4u-a5468/secrets/VITE_ZOHO_SMTP_HOST/versions/latest {"name":"projects/72980058633/secrets/VITE_ZOHO_SMTP_HOST/versions/1","createTime":"2026-09-09T18:14:04.907590Z","state":"ENABLED","replicationStatus":{"automatic":{}},"etag":"\"165b10d1092c46\""}
[debug] [2026-09-09T18:51:58.978Z] Checked if tokens are valid: true, expires at: 1788982786771
[debug] [2026-09-09T18:51:58.978Z] Checked if tokens are valid: true, expires at: 1788982786771
[debug] [2026-09-09T18:51:58.978Z] >>> [apiv2][query] GET https://secretmanager.googleapis.com/v1/projects/onlineprint4u-a5468/secrets/VITE_ZOHO_SMTP_PORT [none]
[debug] [2026-09-09T18:51:59.463Z] <<< [apiv2][status] GET https://secretmanager.googleapis.com/v1/projects/onlineprint4u-a5468/secrets/VITE_ZOHO_SMTP_PORT 200
[debug] [2026-09-09T18:51:59.464Z] <<< [apiv2][body] GET https://secretmanager.googleapis.com/v1/projects/onlineprint4u-a5468/secrets/VITE_ZOHO_SMTP_PORT {"name":"projects/72980058633/secrets/VITE_ZOHO_SMTP_PORT","replication":{"automatic":{}},"createTime":"2026-09-09T18:14:47.715941Z","labels":{"firebase-managed":"functions"},"etag":"\"165b10d3a6cc38\""}
[debug] [2026-09-09T18:51:59.464Z] Checked if tokens are valid: true, expires at: 1788982786771
[debug] [2026-09-09T18:51:59.464Z] Checked if tokens are valid: true, expires at: 1788982786771
[debug] [2026-09-09T18:51:59.464Z] >>> [apiv2][query] GET https://secretmanager.googleapis.com/v1/projects/onlineprint4u-a5468/secrets/VITE_ZOHO_SMTP_PORT/versions/latest [none]
[debug] [2026-09-09T18:51:59.790Z] <<< [apiv2][status] GET https://secretmanager.googleapis.com/v1/projects/onlineprint4u-a5468/secrets/VITE_ZOHO_SMTP_PORT/versions/latest 200
[debug] [2026-09-09T18:51:59.791Z] <<< [apiv2][body] GET https://secretmanager.googleapis.com/v1/projects/onlineprint4u-a5468/secrets/VITE_ZOHO_SMTP_PORT/versions/latest {"name":"projects/72980058633/secrets/VITE_ZOHO_SMTP_PORT/versions/1","createTime":"2026-09-09T18:23:25.157822Z","state":"ENABLED","replicationStatus":{"automatic":{}},"etag":"\"165b10f26de9be\""}
[debug] [2026-09-09T18:51:59.792Z] Checked if tokens are valid: true, expires at: 1788982786771
[debug] [2026-09-09T18:51:59.792Z] Checked if tokens are valid: true, expires at: 1788982786771
[debug] [2026-09-09T18:51:59.792Z] >>> [apiv2][query] GET https://secretmanager.googleapis.com/v1/projects/onlineprint4u-a5468/secrets/VITE_ZOHO_FROM [none]
[debug] [2026-09-09T18:52:00.138Z] <<< [apiv2][status] GET https://secretmanager.googleapis.com/v1/projects/onlineprint4u-a5468/secrets/VITE_ZOHO_FROM 200
[debug] [2026-09-09T18:52:00.139Z] <<< [apiv2][body] GET https://secretmanager.googleapis.com/v1/projects/onlineprint4u-a5468/secrets/VITE_ZOHO_FROM {"name":"projects/72980058633/secrets/VITE_ZOHO_FROM","replication":{"automatic":{}},"createTime":"2026-09-09T18:25:04.665694Z","labels":{"firebase-managed":"functions"},"etag":"\"165b10f8784b81\""}
[debug] [2026-09-09T18:52:00.139Z] Checked if tokens are valid: true, expires at: 1788982786771
[debug] [2026-09-09T18:52:00.140Z] Checked if tokens are valid: true, expires at: 1788982786771
[debug] [2026-09-09T18:52:00.140Z] >>> [apiv2][query] GET https://secretmanager.googleapis.com/v1/projects/onlineprint4u-a5468/secrets/VITE_ZOHO_FROM/versions/latest [none]
[debug] [2026-09-09T18:52:00.474Z] <<< [apiv2][status] GET https://secretmanager.googleapis.com/v1/projects/onlineprint4u-a5468/secrets/VITE_ZOHO_FROM/versions/latest 200
[debug] [2026-09-09T18:52:00.475Z] <<< [apiv2][body] GET https://secretmanager.googleapis.com/v1/projects/onlineprint4u-a5468/secrets/VITE_ZOHO_FROM/versions/latest {"name":"projects/72980058633/secrets/VITE_ZOHO_FROM/versions/1","createTime":"2026-09-09T18:25:09.487860Z","state":"ENABLED","replicationStatus":{"automatic":{}},"etag":"\"165b10f8a5dcf4\""}
[info] i  functions: preparing functions directory for uploading... 
[info] i  functions: packaged C:\Users\Aryan Kumar\Documents\GitHub\onlineprint4u\functions (50.56 KB) for uploading 
[debug] [2026-09-09T18:52:00.580Z] Checked if tokens are valid: true, expires at: 1788982786771
[debug] [2026-09-09T18:52:00.580Z] Checked if tokens are valid: true, expires at: 1788982786771
[debug] [2026-09-09T18:52:00.580Z] >>> [apiv2][query] GET https://firestore.googleapis.com/v1/projects/onlineprint4u-a5468/databases/(default) [none]
[debug] [2026-09-09T18:52:01.061Z] <<< [apiv2][status] GET https://firestore.googleapis.com/v1/projects/onlineprint4u-a5468/databases/(default) 200
[debug] [2026-09-09T18:52:01.061Z] <<< [apiv2][body] GET https://firestore.googleapis.com/v1/projects/onlineprint4u-a5468/databases/(default) {"name":"projects/onlineprint4u-a5468/databases/(default)","uid":"8bd031d4-a383-489d-ba6e-cd81906832c9","createTime":"2026-08-07T09:29:13.918429Z","updateTime":"2026-08-07T09:29:13.918429Z","locationId":"asia-south1","type":"FIRESTORE_NATIVE","concurrencyMode":"PESSIMISTIC","versionRetentionPeriod":"3600s","earliestVersionTime":"2026-09-09T17:52:00.884492Z","appEngineIntegrationMode":"DISABLED","keyPrefix":"j","pointInTimeRecoveryEnablement":"POINT_IN_TIME_RECOVERY_DISABLED","deleteProtectionState":"DELETE_PROTECTION_DISABLED","databaseEdition":"STANDARD","freeTier":true,"realtimeUpdatesMode":"REALTIME_UPDATES_MODE_ENABLED","enhancedTextSearchQueryMode":"ENHANCED_QUERY_MODE_ENABLED","etag":"IK6hx8WV4pYDMKqluei8tpYD"}
[warn] !  functions: The following functions have triggers in different regions than they are located:
- onOrderCreated (us-central1, Trigger: asia-south1)
To avoid unnecessary cross-region network hops, consider assigning these functions to their trigger regions or collocating them. To suppress this warning, set FIREBASE_SUPPRESS_REGION_WARNING=true in your environment variables. 
[info] i  functions: ensuring required API secretmanager.googleapis.com is enabled... 
[debug] [2026-09-09T18:52:01.070Z] Checked if tokens are valid: true, expires at: 1788982786771
[debug] [2026-09-09T18:52:01.070Z] Checked if tokens are valid: true, expires at: 1788982786771
[debug] [2026-09-09T18:52:01.070Z] Checked if tokens are valid: true, expires at: 1788982786771
[debug] [2026-09-09T18:52:01.070Z] Checked if tokens are valid: true, expires at: 1788982786771
[debug] [2026-09-09T18:52:01.070Z] Checked if tokens are valid: true, expires at: 1788982786771
[debug] [2026-09-09T18:52:01.070Z] Checked if tokens are valid: true, expires at: 1788982786771
[debug] [2026-09-09T18:52:01.070Z] Checked if tokens are valid: true, expires at: 1788982786771
[debug] [2026-09-09T18:52:01.070Z] Checked if tokens are valid: true, expires at: 1788982786771
[debug] [2026-09-09T18:52:01.071Z] Checked if tokens are valid: true, expires at: 1788982786771
[debug] [2026-09-09T18:52:01.071Z] Checked if tokens are valid: true, expires at: 1788982786771
[debug] [2026-09-09T18:52:01.071Z] >>> [apiv2][query] GET https://secretmanager.googleapis.com/v1/projects/onlineprint4u-a5468/secrets/VITE_ZOHO_USER/versions/latest [none]
[debug] [2026-09-09T18:52:01.071Z] >>> [apiv2][query] GET https://secretmanager.googleapis.com/v1/projects/onlineprint4u-a5468/secrets/VITE_ZOHO_PASS/versions/latest [none]
[debug] [2026-09-09T18:52:01.072Z] >>> [apiv2][query] GET https://secretmanager.googleapis.com/v1/projects/onlineprint4u-a5468/secrets/VITE_ZOHO_SMTP_HOST/versions/latest [none]
[debug] [2026-09-09T18:52:01.073Z] >>> [apiv2][query] GET https://secretmanager.googleapis.com/v1/projects/onlineprint4u-a5468/secrets/VITE_ZOHO_SMTP_PORT/versions/latest [none]
[debug] [2026-09-09T18:52:01.073Z] >>> [apiv2][query] GET https://secretmanager.googleapis.com/v1/projects/onlineprint4u-a5468/secrets/VITE_ZOHO_FROM/versions/latest [none]
[debug] [2026-09-09T18:52:01.542Z] <<< [apiv2][status] GET https://secretmanager.googleapis.com/v1/projects/onlineprint4u-a5468/secrets/VITE_ZOHO_PASS/versions/latest 200
[debug] [2026-09-09T18:52:01.542Z] <<< [apiv2][body] GET https://secretmanager.googleapis.com/v1/projects/onlineprint4u-a5468/secrets/VITE_ZOHO_PASS/versions/latest {"name":"projects/72980058633/secrets/VITE_ZOHO_PASS/versions/1","createTime":"2026-09-09T18:13:37.969878Z","state":"ENABLED","replicationStatus":{"automatic":{}},"etag":"\"165b10cf6e22d6\""}
[debug] [2026-09-09T18:52:01.543Z] Resolved latest secret version of VITE_ZOHO_PASS to 1.
[debug] [2026-09-09T18:52:01.544Z] <<< [apiv2][status] GET https://secretmanager.googleapis.com/v1/projects/onlineprint4u-a5468/secrets/VITE_ZOHO_SMTP_HOST/versions/latest 200
[debug] [2026-09-09T18:52:01.544Z] <<< [apiv2][body] GET https://secretmanager.googleapis.com/v1/projects/onlineprint4u-a5468/secrets/VITE_ZOHO_SMTP_HOST/versions/latest {"name":"projects/72980058633/secrets/VITE_ZOHO_SMTP_HOST/versions/1","createTime":"2026-09-09T18:14:04.907590Z","state":"ENABLED","replicationStatus":{"automatic":{}},"etag":"\"165b10d1092c46\""}
[debug] [2026-09-09T18:52:01.545Z] Resolved latest secret version of VITE_ZOHO_SMTP_HOST to 1.
[debug] [2026-09-09T18:52:01.545Z] <<< [apiv2][status] GET https://secretmanager.googleapis.com/v1/projects/onlineprint4u-a5468/secrets/VITE_ZOHO_USER/versions/latest 200
[debug] [2026-09-09T18:52:01.545Z] <<< [apiv2][body] GET https://secretmanager.googleapis.com/v1/projects/onlineprint4u-a5468/secrets/VITE_ZOHO_USER/versions/latest {"name":"projects/72980058633/secrets/VITE_ZOHO_USER/versions/1","createTime":"2026-09-09T18:12:40.535777Z","state":"ENABLED","replicationStatus":{"automatic":{}},"etag":"\"165b10cc01c2e1\""}
[debug] [2026-09-09T18:52:01.546Z] Resolved latest secret version of VITE_ZOHO_USER to 1.
[debug] [2026-09-09T18:52:01.547Z] <<< [apiv2][status] GET https://secretmanager.googleapis.com/v1/projects/onlineprint4u-a5468/secrets/VITE_ZOHO_SMTP_PORT/versions/latest 200
[debug] [2026-09-09T18:52:01.547Z] <<< [apiv2][body] GET https://secretmanager.googleapis.com/v1/projects/onlineprint4u-a5468/secrets/VITE_ZOHO_SMTP_PORT/versions/latest {"name":"projects/72980058633/secrets/VITE_ZOHO_SMTP_PORT/versions/1","createTime":"2026-09-09T18:23:25.157822Z","state":"ENABLED","replicationStatus":{"automatic":{}},"etag":"\"165b10f26de9be\""}
[debug] [2026-09-09T18:52:01.547Z] Resolved latest secret version of VITE_ZOHO_SMTP_PORT to 1.
[debug] [2026-09-09T18:52:01.548Z] <<< [apiv2][status] GET https://secretmanager.googleapis.com/v1/projects/onlineprint4u-a5468/secrets/VITE_ZOHO_FROM/versions/latest 200
[debug] [2026-09-09T18:52:01.548Z] <<< [apiv2][body] GET https://secretmanager.googleapis.com/v1/projects/onlineprint4u-a5468/secrets/VITE_ZOHO_FROM/versions/latest {"name":"projects/72980058633/secrets/VITE_ZOHO_FROM/versions/1","createTime":"2026-09-09T18:25:09.487860Z","state":"ENABLED","replicationStatus":{"automatic":{}},"etag":"\"165b10f8a5dcf4\""}
[debug] [2026-09-09T18:52:01.548Z] Resolved latest secret version of VITE_ZOHO_FROM to 1.
[debug] [2026-09-09T18:52:01.550Z] Checked if tokens are valid: true, expires at: 1788982786771
[debug] [2026-09-09T18:52:01.551Z] Checked if tokens are valid: true, expires at: 1788982786771
[debug] [2026-09-09T18:52:01.551Z] >>> [apiv2][query] POST https://cloudfunctions.googleapis.com/v1/projects/onlineprint4u-a5468/locations/us-central1/functions:generateUploadUrl [none]
[debug] [2026-09-09T18:52:01.551Z] >>> [apiv2][body] POST https://cloudfunctions.googleapis.com/v1/projects/onlineprint4u-a5468/locations/us-central1/functions:generateUploadUrl {}
[debug] [2026-09-09T18:52:03.146Z] <<< [apiv2][status] POST https://cloudfunctions.googleapis.com/v1/projects/onlineprint4u-a5468/locations/us-central1/functions:generateUploadUrl 200
[debug] [2026-09-09T18:52:03.147Z] <<< [apiv2][body] POST https://cloudfunctions.googleapis.com/v1/projects/onlineprint4u-a5468/locations/us-central1/functions:generateUploadUrl {"uploadUrl":"https://storage.googleapis.com/uploads-824660725501.us-central1.cloudfunctions.appspot.com/de28b46c-1def-4168-8290-e7bca74c624a.zip?GoogleAccessId=service-72980058633@gcf-admin-robot.iam.gserviceaccount.com&Expires=1788981722&Signature=tAqVNEpqm8LXlQEuk%2BtGKMMFa2K6H3e9q1Aq30k7373ULotwPaVcSc3NFyJkQiVFBQEv3nvySrftw60kB3UzxLUrQ0bOvB7M0utIqsnKLonz9VJ27SDW6hoLgR6P1VJw1UgLrEfu2Z%2FnBeYgq%2F1YW9aNRtFqaDzrYSTlJEN4DrSw1VoRqjVnkXZJ6aHI%2F7LZNMb3kNsAKB2D%2FOrGTgXO3MtuWrTRq6kqqSStFu2t0ohI90hUQDf6hq%2BgW9nE%2FbS3YrsmI3EbPYLjBOEmh%2BBYx3PZ8csvJmkMJbztNTcpn9a5%2F7%2FWjhx4rNw9kCGT5a15g4J%2BkFc3YJPMzTgyGW3wTg%3D%3D"}
[debug] [2026-09-09T18:52:03.147Z] >>> [apiv2][query] PUT https://storage.googleapis.com/uploads-824660725501.us-central1.cloudfunctions.appspot.com/de28b46c-1def-4168-8290-e7bca74c624a.zip GoogleAccessId=service-72980058633%40gcf-admin-robot.iam.gserviceaccount.com&Expires=1788981722&Signature=tAqVNEpqm8LXlQEuk%2BtGKMMFa2K6H3e9q1Aq30k7373ULotwPaVcSc3NFyJkQiVFBQEv3nvySrftw60kB3UzxLUrQ0bOvB7M0utIqsnKLonz9VJ27SDW6hoLgR6P1VJw1UgLrEfu2Z%2FnBeYgq%2F1YW9aNRtFqaDzrYSTlJEN4DrSw1VoRqjVnkXZJ6aHI%2F7LZNMb3kNsAKB2D%2FOrGTgXO3MtuWrTRq6kqqSStFu2t0ohI90hUQDf6hq%2BgW9nE%2FbS3YrsmI3EbPYLjBOEmh%2BBYx3PZ8csvJmkMJbztNTcpn9a5%2F7%2FWjhx4rNw9kCGT5a15g4J%2BkFc3YJPMzTgyGW3wTg%3D%3D
[debug] [2026-09-09T18:52:03.147Z] >>> [apiv2][body] PUT https://storage.googleapis.com/uploads-824660725501.us-central1.cloudfunctions.appspot.com/de28b46c-1def-4168-8290-e7bca74c624a.zip [stream]
[debug] [2026-09-09T18:52:05.255Z] <<< [apiv2][status] PUT https://storage.googleapis.com/uploads-824660725501.us-central1.cloudfunctions.appspot.com/de28b46c-1def-4168-8290-e7bca74c624a.zip 200
[debug] [2026-09-09T18:52:05.256Z] <<< [apiv2][body] PUT https://storage.googleapis.com/uploads-824660725501.us-central1.cloudfunctions.appspot.com/de28b46c-1def-4168-8290-e7bca74c624a.zip [omitted]
[info] +  functions: functions source uploaded successfully 
[debug] [2026-09-09T18:52:05.261Z] Checked if tokens are valid: true, expires at: 1788982786771
[debug] [2026-09-09T18:52:05.261Z] Checked if tokens are valid: true, expires at: 1788982786771
[debug] [2026-09-09T18:52:05.261Z] >>> [apiv2][query] GET https://cloudresourcemanager.googleapis.com/v1/projects/onlineprint4u-a5468 [none]
[debug] [2026-09-09T18:52:06.916Z] <<< [apiv2][status] GET https://cloudresourcemanager.googleapis.com/v1/projects/onlineprint4u-a5468 200
[debug] [2026-09-09T18:52:06.916Z] <<< [apiv2][body] GET https://cloudresourcemanager.googleapis.com/v1/projects/onlineprint4u-a5468 {"projectNumber":"72980058633","projectId":"onlineprint4u-a5468","lifecycleState":"ACTIVE","name":"OnlinePrint4U","labels":{"firebase":"enabled","firebase-core":"disabled"},"createTime":"2026-08-07T09:07:26.602Z"}
[info] i  functions: updating Node.js 20 (1st Gen) function sendOtp(us-central1)... 
[info] i  functions: updating Node.js 20 (1st Gen) function verifyOtp(us-central1)... 
[info] i  functions: updating Node.js 20 (1st Gen) function sendPasswordReset(us-central1)... 
[info] i  functions: updating Node.js 20 (1st Gen) function onOrderCreated(us-central1)... 
[debug] [2026-09-09T18:52:06.923Z] Checked if tokens are valid: true, expires at: 1788982786771
[debug] [2026-09-09T18:52:06.923Z] Checked if tokens are valid: true, expires at: 1788982786771
[debug] [2026-09-09T18:52:06.923Z] >>> [apiv2][query] PATCH https://cloudfunctions.googleapis.com/v1/projects/onlineprint4u-a5468/locations/us-central1/functions/sendOtp updateMask=name%2CsourceUploadUrl%2CentryPoint%2Cruntime%2CdockerRegistry%2Clabels%2ChttpsTrigger.securityLevel%2CminInstances%2CmaxInstances%2CingressSettings%2CenvironmentVariables%2CsecretEnvironmentVariables%2CserviceAccountEmail%2CavailableMemoryMb%2Ctimeout%2CvpcConnector%2CvpcConnectorEgressSettings%2CsourceToken%2CbuildEnvironmentVariables
[debug] [2026-09-09T18:52:06.923Z] >>> [apiv2][body] PATCH https://cloudfunctions.googleapis.com/v1/projects/onlineprint4u-a5468/locations/us-central1/functions/sendOtp {"name":"projects/onlineprint4u-a5468/locations/us-central1/functions/sendOtp","sourceUploadUrl":"https://storage.googleapis.com/uploads-824660725501.us-central1.cloudfunctions.appspot.com/de28b46c-1def-4168-8290-e7bca74c624a.zip?GoogleAccessId=service-72980058633@gcf-admin-robot.iam.gserviceaccount.com&Expires=1788981722&Signature=tAqVNEpqm8LXlQEuk%2BtGKMMFa2K6H3e9q1Aq30k7373ULotwPaVcSc3NFyJkQiVFBQEv3nvySrftw60kB3UzxLUrQ0bOvB7M0utIqsnKLonz9VJ27SDW6hoLgR6P1VJw1UgLrEfu2Z%2FnBeYgq%2F1YW9aNRtFqaDzrYSTlJEN4DrSw1VoRqjVnkXZJ6aHI%2F7LZNMb3kNsAKB2D%2FOrGTgXO3MtuWrTRq6kqqSStFu2t0ohI90hUQDf6hq%2BgW9nE%2FbS3YrsmI3EbPYLjBOEmh%2BBYx3PZ8csvJmkMJbztNTcpn9a5%2F7%2FWjhx4rNw9kCGT5a15g4J%2BkFc3YJPMzTgyGW3wTg%3D%3D","entryPoint":"sendOtp","runtime":"nodejs20","dockerRegistry":"ARTIFACT_REGISTRY","labels":{"deployment-tool":"cli-firebase","firebase-functions-hash":"9b4d57361c722378ef978765ec91b3f3428b8a77"},"httpsTrigger":{"securityLevel":"SECURE_ALWAYS"},"minInstances":null,"maxInstances":null,"ingressSettings":null,"environmentVariables":{"FIREBASE_CONFIG":"{\"projectId\":\"onlineprint4u-a5468\",\"databaseURL\":\"https://onlineprint4u-a5468-default-rtdb.firebaseio.com\",\"storageBucket\":\"onlineprint4u-a5468.firebasestorage.app\"}","GCLOUD_PROJECT":"onlineprint4u-a5468","EVENTARC_CLOUD_EVENT_SOURCE":"projects/onlineprint4u-a5468/locations/us-central1/functions/sendOtp"},"secretEnvironmentVariables":[{"key":"VITE_ZOHO_USER","secret":"VITE_ZOHO_USER","projectId":"onlineprint4u-a5468","version":"1"},{"key":"VITE_ZOHO_PASS","secret":"VITE_ZOHO_PASS","projectId":"onlineprint4u-a5468","version":"1"},{"key":"VITE_ZOHO_SMTP_HOST","secret":"VITE_ZOHO_SMTP_HOST","projectId":"onlineprint4u-a5468","version":"1"},{"key":"VITE_ZOHO_SMTP_PORT","secret":"VITE_ZOHO_SMTP_PORT","projectId":"onlineprint4u-a5468","version":"1"},{"key":"VITE_ZOHO_FROM","secret":"VITE_ZOHO_FROM","projectId":"onlineprint4u-a5468","version":"1"}],"serviceAccountEmail":null,"availableMemoryMb":null,"timeout":null,"vpcConnector":null,"vpcConnectorEgressSettings":null,"buildEnvironmentVariables":{"GOOGLE_NODE_RUN_SCRIPTS":""}}
[debug] [2026-09-09T18:52:08.261Z] <<< [apiv2][status] PATCH https://cloudfunctions.googleapis.com/v1/projects/onlineprint4u-a5468/locations/us-central1/functions/sendOtp 200
[debug] [2026-09-09T18:52:08.262Z] <<< [apiv2][body] PATCH https://cloudfunctions.googleapis.com/v1/projects/onlineprint4u-a5468/locations/us-central1/functions/sendOtp {"name":"operations/b25saW5lcHJpbnQ0dS1hNTQ2OC91cy1jZW50cmFsMS9zZW5kT3RwLzBwNU8zd1FmaDhV","metadata":{"@type":"type.googleapis.com/google.cloud.functions.v1.OperationMetadataV1","target":"projects/onlineprint4u-a5468/locations/us-central1/functions/sendOtp","type":"UPDATE_FUNCTION","request":{"@type":"type.googleapis.com/google.cloud.functions.v1.CloudFunction","name":"projects/onlineprint4u-a5468/locations/us-central1/functions/sendOtp","httpsTrigger":{"url":"https://us-central1-onlineprint4u-a5468.cloudfunctions.net/sendOtp","securityLevel":"SECURE_ALWAYS"},"status":"OFFLINE","entryPoint":"sendOtp","updateTime":"2026-09-09T18:26:28.355Z","versionId":"1","labels":{"deployment-tool":"cli-firebase","firebase-functions-hash":"9b4d57361c722378ef978765ec91b3f3428b8a77"},"sourceUploadUrl":"https://storage.googleapis.com/uploads-824660725501.us-central1.cloudfunctions.appspot.com/de28b46c-1def-4168-8290-e7bca74c624a.zip?GoogleAccessId=service-72980058633@gcf-admin-robot.iam.gserviceaccount.com&Expires=1788981722&Signature=tAqVNEpqm8LXlQEuk%2BtGKMMFa2K6H3e9q1Aq30k7373ULotwPaVcSc3NFyJkQiVFBQEv3nvySrftw60kB3UzxLUrQ0bOvB7M0utIqsnKLonz9VJ27SDW6hoLgR6P1VJw1UgLrEfu2Z%2FnBeYgq%2F1YW9aNRtFqaDzrYSTlJEN4DrSw1VoRqjVnkXZJ6aHI%2F7LZNMb3kNsAKB2D%2FOrGTgXO3MtuWrTRq6kqqSStFu2t0ohI90hUQDf6hq%2BgW9nE%2FbS3YrsmI3EbPYLjBOEmh%2BBYx3PZ8csvJmkMJbztNTcpn9a5%2F7%2FWjhx4rNw9kCGT5a15g4J%2BkFc3YJPMzTgyGW3wTg%3D%3D","environmentVariables":{"FIREBASE_CONFIG":"{\"projectId\":\"onlineprint4u-a5468\",\"databaseURL\":\"https://onlineprint4u-a5468-default-rtdb.firebaseio.com\",\"storageBucket\":\"onlineprint4u-a5468.firebasestorage.app\"}","GCLOUD_PROJECT":"onlineprint4u-a5468","EVENTARC_CLOUD_EVENT_SOURCE":"projects/onlineprint4u-a5468/locations/us-central1/functions/sendOtp"},"runtime":"nodejs20","buildId":"239ce2a7-6d1f-4af3-ba6d-64fa8b0e6858","buildEnvironmentVariables":{"GOOGLE_NODE_RUN_SCRIPTS":""},"secretEnvironmentVariables":[{"key":"VITE_ZOHO_USER","projectId":"onlineprint4u-a5468","secret":"VITE_ZOHO_USER","version":"1"},{"key":"VITE_ZOHO_PASS","projectId":"onlineprint4u-a5468","secret":"VITE_ZOHO_PASS","version":"1"},{"key":"VITE_ZOHO_SMTP_HOST","projectId":"onlineprint4u-a5468","secret":"VITE_ZOHO_SMTP_HOST","version":"1"},{"key":"VITE_ZOHO_SMTP_PORT","projectId":"onlineprint4u-a5468","secret":"VITE_ZOHO_SMTP_PORT","version":"1"},{"key":"VITE_ZOHO_FROM","projectId":"onlineprint4u-a5468","secret":"VITE_ZOHO_FROM","version":"1"}],"buildName":"projects/72980058633/locations/us-central1/builds/239ce2a7-6d1f-4af3-ba6d-64fa8b0e6858","dockerRegistry":"ARTIFACT_REGISTRY","automaticUpdatePolicy":{},"buildServiceAccount":"projects/onlineprint4u-a5468/serviceAccounts/72980058633-compute@developer.gserviceaccount.com"},"versionId":"2","updateTime":"2026-09-09T18:52:07Z"}}
[debug] [2026-09-09T18:52:08.263Z] Checked if tokens are valid: true, expires at: 1788982786771
[debug] [2026-09-09T18:52:08.264Z] Checked if tokens are valid: true, expires at: 1788982786771
[debug] [2026-09-09T18:52:08.264Z] >>> [apiv2][query] GET https://cloudfunctions.googleapis.com/v1/operations/b25saW5lcHJpbnQ0dS1hNTQ2OC91cy1jZW50cmFsMS9zZW5kT3RwLzBwNU8zd1FmaDhV [none]
[debug] [2026-09-09T18:52:08.714Z] <<< [apiv2][status] GET https://cloudfunctions.googleapis.com/v1/operations/b25saW5lcHJpbnQ0dS1hNTQ2OC91cy1jZW50cmFsMS9zZW5kT3RwLzBwNU8zd1FmaDhV 200
[debug] [2026-09-09T18:52:08.714Z] <<< [apiv2][body] GET https://cloudfunctions.googleapis.com/v1/operations/b25saW5lcHJpbnQ0dS1hNTQ2OC91cy1jZW50cmFsMS9zZW5kT3RwLzBwNU8zd1FmaDhV {"name":"operations/b25saW5lcHJpbnQ0dS1hNTQ2OC91cy1jZW50cmFsMS9zZW5kT3RwLzBwNU8zd1FmaDhV","metadata":{"@type":"type.googleapis.com/google.cloud.functions.v1.OperationMetadataV1","target":"projects/onlineprint4u-a5468/locations/us-central1/functions/sendOtp","type":"UPDATE_FUNCTION","request":{"@type":"type.googleapis.com/google.cloud.functions.v1.CloudFunction","name":"projects/onlineprint4u-a5468/locations/us-central1/functions/sendOtp","httpsTrigger":{"url":"https://us-central1-onlineprint4u-a5468.cloudfunctions.net/sendOtp","securityLevel":"SECURE_ALWAYS"},"status":"OFFLINE","entryPoint":"sendOtp","updateTime":"2026-09-09T18:26:28.355Z","versionId":"1","labels":{"deployment-tool":"cli-firebase","firebase-functions-hash":"9b4d57361c722378ef978765ec91b3f3428b8a77"},"sourceUploadUrl":"https://storage.googleapis.com/uploads-824660725501.us-central1.cloudfunctions.appspot.com/de28b46c-1def-4168-8290-e7bca74c624a.zip?GoogleAccessId=service-72980058633@gcf-admin-robot.iam.gserviceaccount.com&Expires=1788981722&Signature=tAqVNEpqm8LXlQEuk%2BtGKMMFa2K6H3e9q1Aq30k7373ULotwPaVcSc3NFyJkQiVFBQEv3nvySrftw60kB3UzxLUrQ0bOvB7M0utIqsnKLonz9VJ27SDW6hoLgR6P1VJw1UgLrEfu2Z%2FnBeYgq%2F1YW9aNRtFqaDzrYSTlJEN4DrSw1VoRqjVnkXZJ6aHI%2F7LZNMb3kNsAKB2D%2FOrGTgXO3MtuWrTRq6kqqSStFu2t0ohI90hUQDf6hq%2BgW9nE%2FbS3YrsmI3EbPYLjBOEmh%2BBYx3PZ8csvJmkMJbztNTcpn9a5%2F7%2FWjhx4rNw9kCGT5a15g4J%2BkFc3YJPMzTgyGW3wTg%3D%3D","environmentVariables":{"FIREBASE_CONFIG":"{\"projectId\":\"onlineprint4u-a5468\",\"databaseURL\":\"https://onlineprint4u-a5468-default-rtdb.firebaseio.com\",\"storageBucket\":\"onlineprint4u-a5468.firebasestorage.app\"}","GCLOUD_PROJECT":"onlineprint4u-a5468","EVENTARC_CLOUD_EVENT_SOURCE":"projects/onlineprint4u-a5468/locations/us-central1/functions/sendOtp"},"runtime":"nodejs20","buildId":"239ce2a7-6d1f-4af3-ba6d-64fa8b0e6858","buildEnvironmentVariables":{"GOOGLE_NODE_RUN_SCRIPTS":""},"secretEnvironmentVariables":[{"key":"VITE_ZOHO_USER","projectId":"onlineprint4u-a5468","secret":"VITE_ZOHO_USER","version":"1"},{"key":"VITE_ZOHO_PASS","projectId":"onlineprint4u-a5468","secret":"VITE_ZOHO_PASS","version":"1"},{"key":"VITE_ZOHO_SMTP_HOST","projectId":"onlineprint4u-a5468","secret":"VITE_ZOHO_SMTP_HOST","version":"1"},{"key":"VITE_ZOHO_SMTP_PORT","projectId":"onlineprint4u-a5468","secret":"VITE_ZOHO_SMTP_PORT","version":"1"},{"key":"VITE_ZOHO_FROM","projectId":"onlineprint4u-a5468","secret":"VITE_ZOHO_FROM","version":"1"}],"buildName":"projects/72980058633/locations/us-central1/builds/239ce2a7-6d1f-4af3-ba6d-64fa8b0e6858","dockerRegistry":"ARTIFACT_REGISTRY","automaticUpdatePolicy":{},"buildServiceAccount":"projects/onlineprint4u-a5468/serviceAccounts/72980058633-compute@developer.gserviceaccount.com"},"versionId":"2","updateTime":"2026-09-09T18:52:08Z"}}
[debug] [2026-09-09T18:52:09.223Z] [update-default-us-central1-sendOtp] Retrying task index 0
[debug] [2026-09-09T18:52:09.224Z] Checked if tokens are valid: true, expires at: 1788982786771
[debug] [2026-09-09T18:52:09.224Z] Checked if tokens are valid: true, expires at: 1788982786771
[debug] [2026-09-09T18:52:09.225Z] >>> [apiv2][query] GET https://cloudfunctions.googleapis.com/v1/operations/b25saW5lcHJpbnQ0dS1hNTQ2OC91cy1jZW50cmFsMS9zZW5kT3RwLzBwNU8zd1FmaDhV [none]
[debug] [2026-09-09T18:52:09.779Z] <<< [apiv2][status] GET https://cloudfunctions.googleapis.com/v1/operations/b25saW5lcHJpbnQ0dS1hNTQ2OC91cy1jZW50cmFsMS9zZW5kT3RwLzBwNU8zd1FmaDhV 200
[debug] [2026-09-09T18:52:09.779Z] <<< [apiv2][body] GET https://cloudfunctions.googleapis.com/v1/operations/b25saW5lcHJpbnQ0dS1hNTQ2OC91cy1jZW50cmFsMS9zZW5kT3RwLzBwNU8zd1FmaDhV {"name":"operations/b25saW5lcHJpbnQ0dS1hNTQ2OC91cy1jZW50cmFsMS9zZW5kT3RwLzBwNU8zd1FmaDhV","metadata":{"@type":"type.googleapis.com/google.cloud.functions.v1.OperationMetadataV1","target":"projects/onlineprint4u-a5468/locations/us-central1/functions/sendOtp","type":"UPDATE_FUNCTION","request":{"@type":"type.googleapis.com/google.cloud.functions.v1.CloudFunction","name":"projects/onlineprint4u-a5468/locations/us-central1/functions/sendOtp","httpsTrigger":{"url":"https://us-central1-onlineprint4u-a5468.cloudfunctions.net/sendOtp","securityLevel":"SECURE_ALWAYS"},"status":"OFFLINE","entryPoint":"sendOtp","updateTime":"2026-09-09T18:26:28.355Z","versionId":"1","labels":{"deployment-tool":"cli-firebase","firebase-functions-hash":"9b4d57361c722378ef978765ec91b3f3428b8a77"},"sourceUploadUrl":"https://storage.googleapis.com/uploads-824660725501.us-central1.cloudfunctions.appspot.com/de28b46c-1def-4168-8290-e7bca74c624a.zip?GoogleAccessId=service-72980058633@gcf-admin-robot.iam.gserviceaccount.com&Expires=1788981722&Signature=tAqVNEpqm8LXlQEuk%2BtGKMMFa2K6H3e9q1Aq30k7373ULotwPaVcSc3NFyJkQiVFBQEv3nvySrftw60kB3UzxLUrQ0bOvB7M0utIqsnKLonz9VJ27SDW6hoLgR6P1VJw1UgLrEfu2Z%2FnBeYgq%2F1YW9aNRtFqaDzrYSTlJEN4DrSw1VoRqjVnkXZJ6aHI%2F7LZNMb3kNsAKB2D%2FOrGTgXO3MtuWrTRq6kqqSStFu2t0ohI90hUQDf6hq%2BgW9nE%2FbS3YrsmI3EbPYLjBOEmh%2BBYx3PZ8csvJmkMJbztNTcpn9a5%2F7%2FWjhx4rNw9kCGT5a15g4J%2BkFc3YJPMzTgyGW3wTg%3D%3D","environmentVariables":{"FIREBASE_CONFIG":"{\"projectId\":\"onlineprint4u-a5468\",\"databaseURL\":\"https://onlineprint4u-a5468-default-rtdb.firebaseio.com\",\"storageBucket\":\"onlineprint4u-a5468.firebasestorage.app\"}","GCLOUD_PROJECT":"onlineprint4u-a5468","EVENTARC_CLOUD_EVENT_SOURCE":"projects/onlineprint4u-a5468/locations/us-central1/functions/sendOtp"},"runtime":"nodejs20","buildId":"239ce2a7-6d1f-4af3-ba6d-64fa8b0e6858","buildEnvironmentVariables":{"GOOGLE_NODE_RUN_SCRIPTS":""},"secretEnvironmentVariables":[{"key":"VITE_ZOHO_USER","projectId":"onlineprint4u-a5468","secret":"VITE_ZOHO_USER","version":"1"},{"key":"VITE_ZOHO_PASS","projectId":"onlineprint4u-a5468","secret":"VITE_ZOHO_PASS","version":"1"},{"key":"VITE_ZOHO_SMTP_HOST","projectId":"onlineprint4u-a5468","secret":"VITE_ZOHO_SMTP_HOST","version":"1"},{"key":"VITE_ZOHO_SMTP_PORT","projectId":"onlineprint4u-a5468","secret":"VITE_ZOHO_SMTP_PORT","version":"1"},{"key":"VITE_ZOHO_FROM","projectId":"onlineprint4u-a5468","secret":"VITE_ZOHO_FROM","version":"1"}],"buildName":"projects/72980058633/locations/us-central1/builds/239ce2a7-6d1f-4af3-ba6d-64fa8b0e6858","dockerRegistry":"ARTIFACT_REGISTRY","automaticUpdatePolicy":{},"buildServiceAccount":"projects/onlineprint4u-a5468/serviceAccounts/72980058633-compute@developer.gserviceaccount.com"},"versionId":"2","updateTime":"2026-09-09T18:52:08Z","buildId":"f31b27c3-e838-4a91-9bb3-086af634028e","buildName":"projects/72980058633/locations/us-central1/builds/f31b27c3-e838-4a91-9bb3-086af634028e"}}
[debug] [2026-09-09T18:52:10.785Z] [update-default-us-central1-sendOtp] Retrying task index 0
[debug] [2026-09-09T18:52:10.786Z] Checked if tokens are valid: true, expires at: 1788982786771
[debug] [2026-09-09T18:52:10.787Z] Checked if tokens are valid: true, expires at: 1788982786771
[debug] [2026-09-09T18:52:10.787Z] >>> [apiv2][query] GET https://cloudfunctions.googleapis.com/v1/operations/b25saW5lcHJpbnQ0dS1hNTQ2OC91cy1jZW50cmFsMS9zZW5kT3RwLzBwNU8zd1FmaDhV [none]
[debug] [2026-09-09T18:52:11.462Z] <<< [apiv2][status] GET https://cloudfunctions.googleapis.com/v1/operations/b25saW5lcHJpbnQ0dS1hNTQ2OC91cy1jZW50cmFsMS9zZW5kT3RwLzBwNU8zd1FmaDhV 200
[debug] [2026-09-09T18:52:11.463Z] <<< [apiv2][body] GET https://cloudfunctions.googleapis.com/v1/operations/b25saW5lcHJpbnQ0dS1hNTQ2OC91cy1jZW50cmFsMS9zZW5kT3RwLzBwNU8zd1FmaDhV {"name":"operations/b25saW5lcHJpbnQ0dS1hNTQ2OC91cy1jZW50cmFsMS9zZW5kT3RwLzBwNU8zd1FmaDhV","metadata":{"@type":"type.googleapis.com/google.cloud.functions.v1.OperationMetadataV1","target":"projects/onlineprint4u-a5468/locations/us-central1/functions/sendOtp","type":"UPDATE_FUNCTION","request":{"@type":"type.googleapis.com/google.cloud.functions.v1.CloudFunction","name":"projects/onlineprint4u-a5468/locations/us-central1/functions/sendOtp","httpsTrigger":{"url":"https://us-central1-onlineprint4u-a5468.cloudfunctions.net/sendOtp","securityLevel":"SECURE_ALWAYS"},"status":"OFFLINE","entryPoint":"sendOtp","updateTime":"2026-09-09T18:26:28.355Z","versionId":"1","labels":{"deployment-tool":"cli-firebase","firebase-functions-hash":"9b4d57361c722378ef978765ec91b3f3428b8a77"},"sourceUploadUrl":"https://storage.googleapis.com/uploads-824660725501.us-central1.cloudfunctions.appspot.com/de28b46c-1def-4168-8290-e7bca74c624a.zip?GoogleAccessId=service-72980058633@gcf-admin-robot.iam.gserviceaccount.com&Expires=1788981722&Signature=tAqVNEpqm8LXlQEuk%2BtGKMMFa2K6H3e9q1Aq30k7373ULotwPaVcSc3NFyJkQiVFBQEv3nvySrftw60kB3UzxLUrQ0bOvB7M0utIqsnKLonz9VJ27SDW6hoLgR6P1VJw1UgLrEfu2Z%2FnBeYgq%2F1YW9aNRtFqaDzrYSTlJEN4DrSw1VoRqjVnkXZJ6aHI%2F7LZNMb3kNsAKB2D%2FOrGTgXO3MtuWrTRq6kqqSStFu2t0ohI90hUQDf6hq%2BgW9nE%2FbS3YrsmI3EbPYLjBOEmh%2BBYx3PZ8csvJmkMJbztNTcpn9a5%2F7%2FWjhx4rNw9kCGT5a15g4J%2BkFc3YJPMzTgyGW3wTg%3D%3D","environmentVariables":{"FIREBASE_CONFIG":"{\"projectId\":\"onlineprint4u-a5468\",\"databaseURL\":\"https://onlineprint4u-a5468-default-rtdb.firebaseio.com\",\"storageBucket\":\"onlineprint4u-a5468.firebasestorage.app\"}","GCLOUD_PROJECT":"onlineprint4u-a5468","EVENTARC_CLOUD_EVENT_SOURCE":"projects/onlineprint4u-a5468/locations/us-central1/functions/sendOtp"},"runtime":"nodejs20","buildId":"239ce2a7-6d1f-4af3-ba6d-64fa8b0e6858","buildEnvironmentVariables":{"GOOGLE_NODE_RUN_SCRIPTS":""},"secretEnvironmentVariables":[{"key":"VITE_ZOHO_USER","projectId":"onlineprint4u-a5468","secret":"VITE_ZOHO_USER","version":"1"},{"key":"VITE_ZOHO_PASS","projectId":"onlineprint4u-a5468","secret":"VITE_ZOHO_PASS","version":"1"},{"key":"VITE_ZOHO_SMTP_HOST","projectId":"onlineprint4u-a5468","secret":"VITE_ZOHO_SMTP_HOST","version":"1"},{"key":"VITE_ZOHO_SMTP_PORT","projectId":"onlineprint4u-a5468","secret":"VITE_ZOHO_SMTP_PORT","version":"1"},{"key":"VITE_ZOHO_FROM","projectId":"onlineprint4u-a5468","secret":"VITE_ZOHO_FROM","version":"1"}],"buildName":"projects/72980058633/locations/us-central1/builds/239ce2a7-6d1f-4af3-ba6d-64fa8b0e6858","dockerRegistry":"ARTIFACT_REGISTRY","automaticUpdatePolicy":{},"buildServiceAccount":"projects/onlineprint4u-a5468/serviceAccounts/72980058633-compute@developer.gserviceaccount.com"},"versionId":"2","updateTime":"2026-09-09T18:52:08Z","buildId":"f31b27c3-e838-4a91-9bb3-086af634028e","buildName":"projects/72980058633/locations/us-central1/builds/f31b27c3-e838-4a91-9bb3-086af634028e"}}
[debug] [2026-09-09T18:52:13.465Z] [update-default-us-central1-sendOtp] Retrying task index 0
[debug] [2026-09-09T18:52:13.466Z] Checked if tokens are valid: true, expires at: 1788982786771
[debug] [2026-09-09T18:52:13.467Z] Checked if tokens are valid: true, expires at: 1788982786771
[debug] [2026-09-09T18:52:13.467Z] >>> [apiv2][query] GET https://cloudfunctions.googleapis.com/v1/operations/b25saW5lcHJpbnQ0dS1hNTQ2OC91cy1jZW50cmFsMS9zZW5kT3RwLzBwNU8zd1FmaDhV [none]
[debug] [2026-09-09T18:52:14.064Z] <<< [apiv2][status] GET https://cloudfunctions.googleapis.com/v1/operations/b25saW5lcHJpbnQ0dS1hNTQ2OC91cy1jZW50cmFsMS9zZW5kT3RwLzBwNU8zd1FmaDhV 200
[debug] [2026-09-09T18:52:14.064Z] <<< [apiv2][body] GET https://cloudfunctions.googleapis.com/v1/operations/b25saW5lcHJpbnQ0dS1hNTQ2OC91cy1jZW50cmFsMS9zZW5kT3RwLzBwNU8zd1FmaDhV {"name":"operations/b25saW5lcHJpbnQ0dS1hNTQ2OC91cy1jZW50cmFsMS9zZW5kT3RwLzBwNU8zd1FmaDhV","metadata":{"@type":"type.googleapis.com/google.cloud.functions.v1.OperationMetadataV1","target":"projects/onlineprint4u-a5468/locations/us-central1/functions/sendOtp","type":"UPDATE_FUNCTION","request":{"@type":"type.googleapis.com/google.cloud.functions.v1.CloudFunction","name":"projects/onlineprint4u-a5468/locations/us-central1/functions/sendOtp","httpsTrigger":{"url":"https://us-central1-onlineprint4u-a5468.cloudfunctions.net/sendOtp","securityLevel":"SECURE_ALWAYS"},"status":"OFFLINE","entryPoint":"sendOtp","updateTime":"2026-09-09T18:26:28.355Z","versionId":"1","labels":{"deployment-tool":"cli-firebase","firebase-functions-hash":"9b4d57361c722378ef978765ec91b3f3428b8a77"},"sourceUploadUrl":"https://storage.googleapis.com/uploads-824660725501.us-central1.cloudfunctions.appspot.com/de28b46c-1def-4168-8290-e7bca74c624a.zip?GoogleAccessId=service-72980058633@gcf-admin-robot.iam.gserviceaccount.com&Expires=1788981722&Signature=tAqVNEpqm8LXlQEuk%2BtGKMMFa2K6H3e9q1Aq30k7373ULotwPaVcSc3NFyJkQiVFBQEv3nvySrftw60kB3UzxLUrQ0bOvB7M0utIqsnKLonz9VJ27SDW6hoLgR6P1VJw1UgLrEfu2Z%2FnBeYgq%2F1YW9aNRtFqaDzrYSTlJEN4DrSw1VoRqjVnkXZJ6aHI%2F7LZNMb3kNsAKB2D%2FOrGTgXO3MtuWrTRq6kqqSStFu2t0ohI90hUQDf6hq%2BgW9nE%2FbS3YrsmI3EbPYLjBOEmh%2BBYx3PZ8csvJmkMJbztNTcpn9a5%2F7%2FWjhx4rNw9kCGT5a15g4J%2BkFc3YJPMzTgyGW3wTg%3D%3D","environmentVariables":{"FIREBASE_CONFIG":"{\"projectId\":\"onlineprint4u-a5468\",\"databaseURL\":\"https://onlineprint4u-a5468-default-rtdb.firebaseio.com\",\"storageBucket\":\"onlineprint4u-a5468.firebasestorage.app\"}","GCLOUD_PROJECT":"onlineprint4u-a5468","EVENTARC_CLOUD_EVENT_SOURCE":"projects/onlineprint4u-a5468/locations/us-central1/functions/sendOtp"},"runtime":"nodejs20","buildId":"239ce2a7-6d1f-4af3-ba6d-64fa8b0e6858","buildEnvironmentVariables":{"GOOGLE_NODE_RUN_SCRIPTS":""},"secretEnvironmentVariables":[{"key":"VITE_ZOHO_USER","projectId":"onlineprint4u-a5468","secret":"VITE_ZOHO_USER","version":"1"},{"key":"VITE_ZOHO_PASS","projectId":"onlineprint4u-a5468","secret":"VITE_ZOHO_PASS","version":"1"},{"key":"VITE_ZOHO_SMTP_HOST","projectId":"onlineprint4u-a5468","secret":"VITE_ZOHO_SMTP_HOST","version":"1"},{"key":"VITE_ZOHO_SMTP_PORT","projectId":"onlineprint4u-a5468","secret":"VITE_ZOHO_SMTP_PORT","version":"1"},{"key":"VITE_ZOHO_FROM","projectId":"onlineprint4u-a5468","secret":"VITE_ZOHO_FROM","version":"1"}],"buildName":"projects/72980058633/locations/us-central1/builds/239ce2a7-6d1f-4af3-ba6d-64fa8b0e6858","dockerRegistry":"ARTIFACT_REGISTRY","automaticUpdatePolicy":{},"buildServiceAccount":"projects/onlineprint4u-a5468/serviceAccounts/72980058633-compute@developer.gserviceaccount.com"},"versionId":"2","updateTime":"2026-09-09T18:52:08Z","buildId":"f31b27c3-e838-4a91-9bb3-086af634028e","buildName":"projects/72980058633/locations/us-central1/builds/f31b27c3-e838-4a91-9bb3-086af634028e"}}
[debug] [2026-09-09T18:52:18.068Z] [update-default-us-central1-sendOtp] Retrying task index 0
[debug] [2026-09-09T18:52:18.069Z] Checked if tokens are valid: true, expires at: 1788982786771
[debug] [2026-09-09T18:52:18.069Z] Checked if tokens are valid: true, expires at: 1788982786771
[debug] [2026-09-09T18:52:18.070Z] >>> [apiv2][query] GET https://cloudfunctions.googleapis.com/v1/operations/b25saW5lcHJpbnQ0dS1hNTQ2OC91cy1jZW50cmFsMS9zZW5kT3RwLzBwNU8zd1FmaDhV [none]
[debug] [2026-09-09T18:52:18.863Z] <<< [apiv2][status] GET https://cloudfunctions.googleapis.com/v1/operations/b25saW5lcHJpbnQ0dS1hNTQ2OC91cy1jZW50cmFsMS9zZW5kT3RwLzBwNU8zd1FmaDhV 200
[debug] [2026-09-09T18:52:18.863Z] <<< [apiv2][body] GET https://cloudfunctions.googleapis.com/v1/operations/b25saW5lcHJpbnQ0dS1hNTQ2OC91cy1jZW50cmFsMS9zZW5kT3RwLzBwNU8zd1FmaDhV {"name":"operations/b25saW5lcHJpbnQ0dS1hNTQ2OC91cy1jZW50cmFsMS9zZW5kT3RwLzBwNU8zd1FmaDhV","metadata":{"@type":"type.googleapis.com/google.cloud.functions.v1.OperationMetadataV1","target":"projects/onlineprint4u-a5468/locations/us-central1/functions/sendOtp","type":"UPDATE_FUNCTION","request":{"@type":"type.googleapis.com/google.cloud.functions.v1.CloudFunction","name":"projects/onlineprint4u-a5468/locations/us-central1/functions/sendOtp","httpsTrigger":{"url":"https://us-central1-onlineprint4u-a5468.cloudfunctions.net/sendOtp","securityLevel":"SECURE_ALWAYS"},"status":"OFFLINE","entryPoint":"sendOtp","updateTime":"2026-09-09T18:26:28.355Z","versionId":"1","labels":{"deployment-tool":"cli-firebase","firebase-functions-hash":"9b4d57361c722378ef978765ec91b3f3428b8a77"},"sourceUploadUrl":"https://storage.googleapis.com/uploads-824660725501.us-central1.cloudfunctions.appspot.com/de28b46c-1def-4168-8290-e7bca74c624a.zip?GoogleAccessId=service-72980058633@gcf-admin-robot.iam.gserviceaccount.com&Expires=1788981722&Signature=tAqVNEpqm8LXlQEuk%2BtGKMMFa2K6H3e9q1Aq30k7373ULotwPaVcSc3NFyJkQiVFBQEv3nvySrftw60kB3UzxLUrQ0bOvB7M0utIqsnKLonz9VJ27SDW6hoLgR6P1VJw1UgLrEfu2Z%2FnBeYgq%2F1YW9aNRtFqaDzrYSTlJEN4DrSw1VoRqjVnkXZJ6aHI%2F7LZNMb3kNsAKB2D%2FOrGTgXO3MtuWrTRq6kqqSStFu2t0ohI90hUQDf6hq%2BgW9nE%2FbS3YrsmI3EbPYLjBOEmh%2BBYx3PZ8csvJmkMJbztNTcpn9a5%2F7%2FWjhx4rNw9kCGT5a15g4J%2BkFc3YJPMzTgyGW3wTg%3D%3D","environmentVariables":{"FIREBASE_CONFIG":"{\"projectId\":\"onlineprint4u-a5468\",\"databaseURL\":\"https://onlineprint4u-a5468-default-rtdb.firebaseio.com\",\"storageBucket\":\"onlineprint4u-a5468.firebasestorage.app\"}","GCLOUD_PROJECT":"onlineprint4u-a5468","EVENTARC_CLOUD_EVENT_SOURCE":"projects/onlineprint4u-a5468/locations/us-central1/functions/sendOtp"},"runtime":"nodejs20","buildId":"239ce2a7-6d1f-4af3-ba6d-64fa8b0e6858","buildEnvironmentVariables":{"GOOGLE_NODE_RUN_SCRIPTS":""},"secretEnvironmentVariables":[{"key":"VITE_ZOHO_USER","projectId":"onlineprint4u-a5468","secret":"VITE_ZOHO_USER","version":"1"},{"key":"VITE_ZOHO_PASS","projectId":"onlineprint4u-a5468","secret":"VITE_ZOHO_PASS","version":"1"},{"key":"VITE_ZOHO_SMTP_HOST","projectId":"onlineprint4u-a5468","secret":"VITE_ZOHO_SMTP_HOST","version":"1"},{"key":"VITE_ZOHO_SMTP_PORT","projectId":"onlineprint4u-a5468","secret":"VITE_ZOHO_SMTP_PORT","version":"1"},{"key":"VITE_ZOHO_FROM","projectId":"onlineprint4u-a5468","secret":"VITE_ZOHO_FROM","version":"1"}],"buildName":"projects/72980058633/locations/us-central1/builds/239ce2a7-6d1f-4af3-ba6d-64fa8b0e6858","dockerRegistry":"ARTIFACT_REGISTRY","automaticUpdatePolicy":{},"buildServiceAccount":"projects/onlineprint4u-a5468/serviceAccounts/72980058633-compute@developer.gserviceaccount.com"},"versionId":"2","updateTime":"2026-09-09T18:52:08Z","buildId":"f31b27c3-e838-4a91-9bb3-086af634028e","buildName":"projects/72980058633/locations/us-central1/builds/f31b27c3-e838-4a91-9bb3-086af634028e"}}
[debug] [2026-09-09T18:52:26.864Z] [update-default-us-central1-sendOtp] Retrying task index 0
[debug] [2026-09-09T18:52:26.865Z] Checked if tokens are valid: true, expires at: 1788982786771
[debug] [2026-09-09T18:52:26.865Z] Checked if tokens are valid: true, expires at: 1788982786771
[debug] [2026-09-09T18:52:26.865Z] >>> [apiv2][query] GET https://cloudfunctions.googleapis.com/v1/operations/b25saW5lcHJpbnQ0dS1hNTQ2OC91cy1jZW50cmFsMS9zZW5kT3RwLzBwNU8zd1FmaDhV [none]
[debug] [2026-09-09T18:52:27.472Z] <<< [apiv2][status] GET https://cloudfunctions.googleapis.com/v1/operations/b25saW5lcHJpbnQ0dS1hNTQ2OC91cy1jZW50cmFsMS9zZW5kT3RwLzBwNU8zd1FmaDhV 200
[debug] [2026-09-09T18:52:27.472Z] <<< [apiv2][body] GET https://cloudfunctions.googleapis.com/v1/operations/b25saW5lcHJpbnQ0dS1hNTQ2OC91cy1jZW50cmFsMS9zZW5kT3RwLzBwNU8zd1FmaDhV {"name":"operations/b25saW5lcHJpbnQ0dS1hNTQ2OC91cy1jZW50cmFsMS9zZW5kT3RwLzBwNU8zd1FmaDhV","metadata":{"@type":"type.googleapis.com/google.cloud.functions.v1.OperationMetadataV1","target":"projects/onlineprint4u-a5468/locations/us-central1/functions/sendOtp","type":"UPDATE_FUNCTION","request":{"@type":"type.googleapis.com/google.cloud.functions.v1.CloudFunction","name":"projects/onlineprint4u-a5468/locations/us-central1/functions/sendOtp","httpsTrigger":{"url":"https://us-central1-onlineprint4u-a5468.cloudfunctions.net/sendOtp","securityLevel":"SECURE_ALWAYS"},"status":"OFFLINE","entryPoint":"sendOtp","updateTime":"2026-09-09T18:26:28.355Z","versionId":"1","labels":{"deployment-tool":"cli-firebase","firebase-functions-hash":"9b4d57361c722378ef978765ec91b3f3428b8a77"},"sourceUploadUrl":"https://storage.googleapis.com/uploads-824660725501.us-central1.cloudfunctions.appspot.com/de28b46c-1def-4168-8290-e7bca74c624a.zip?GoogleAccessId=service-72980058633@gcf-admin-robot.iam.gserviceaccount.com&Expires=1788981722&Signature=tAqVNEpqm8LXlQEuk%2BtGKMMFa2K6H3e9q1Aq30k7373ULotwPaVcSc3NFyJkQiVFBQEv3nvySrftw60kB3UzxLUrQ0bOvB7M0utIqsnKLonz9VJ27SDW6hoLgR6P1VJw1UgLrEfu2Z%2FnBeYgq%2F1YW9aNRtFqaDzrYSTlJEN4DrSw1VoRqjVnkXZJ6aHI%2F7LZNMb3kNsAKB2D%2FOrGTgXO3MtuWrTRq6kqqSStFu2t0ohI90hUQDf6hq%2BgW9nE%2FbS3YrsmI3EbPYLjBOEmh%2BBYx3PZ8csvJmkMJbztNTcpn9a5%2F7%2FWjhx4rNw9kCGT5a15g4J%2BkFc3YJPMzTgyGW3wTg%3D%3D","environmentVariables":{"FIREBASE_CONFIG":"{\"projectId\":\"onlineprint4u-a5468\",\"databaseURL\":\"https://onlineprint4u-a5468-default-rtdb.firebaseio.com\",\"storageBucket\":\"onlineprint4u-a5468.firebasestorage.app\"}","GCLOUD_PROJECT":"onlineprint4u-a5468","EVENTARC_CLOUD_EVENT_SOURCE":"projects/onlineprint4u-a5468/locations/us-central1/functions/sendOtp"},"runtime":"nodejs20","buildId":"239ce2a7-6d1f-4af3-ba6d-64fa8b0e6858","buildEnvironmentVariables":{"GOOGLE_NODE_RUN_SCRIPTS":""},"secretEnvironmentVariables":[{"key":"VITE_ZOHO_USER","projectId":"onlineprint4u-a5468","secret":"VITE_ZOHO_USER","version":"1"},{"key":"VITE_ZOHO_PASS","projectId":"onlineprint4u-a5468","secret":"VITE_ZOHO_PASS","version":"1"},{"key":"VITE_ZOHO_SMTP_HOST","projectId":"onlineprint4u-a5468","secret":"VITE_ZOHO_SMTP_HOST","version":"1"},{"key":"VITE_ZOHO_SMTP_PORT","projectId":"onlineprint4u-a5468","secret":"VITE_ZOHO_SMTP_PORT","version":"1"},{"key":"VITE_ZOHO_FROM","projectId":"onlineprint4u-a5468","secret":"VITE_ZOHO_FROM","version":"1"}],"buildName":"projects/72980058633/locations/us-central1/builds/239ce2a7-6d1f-4af3-ba6d-64fa8b0e6858","dockerRegistry":"ARTIFACT_REGISTRY","automaticUpdatePolicy":{},"buildServiceAccount":"projects/onlineprint4u-a5468/serviceAccounts/72980058633-compute@developer.gserviceaccount.com"},"versionId":"2","updateTime":"2026-09-09T18:52:08Z","buildId":"f31b27c3-e838-4a91-9bb3-086af634028e","buildName":"projects/72980058633/locations/us-central1/builds/f31b27c3-e838-4a91-9bb3-086af634028e"}}
[debug] [2026-09-09T18:52:37.473Z] [update-default-us-central1-sendOtp] Retrying task index 0
[debug] [2026-09-09T18:52:37.474Z] Checked if tokens are valid: true, expires at: 1788982786771
[debug] [2026-09-09T18:52:37.474Z] Checked if tokens are valid: true, expires at: 1788982786771
[debug] [2026-09-09T18:52:37.475Z] >>> [apiv2][query] GET https://cloudfunctions.googleapis.com/v1/operations/b25saW5lcHJpbnQ0dS1hNTQ2OC91cy1jZW50cmFsMS9zZW5kT3RwLzBwNU8zd1FmaDhV [none]
[debug] [2026-09-09T18:52:38.179Z] <<< [apiv2][status] GET https://cloudfunctions.googleapis.com/v1/operations/b25saW5lcHJpbnQ0dS1hNTQ2OC91cy1jZW50cmFsMS9zZW5kT3RwLzBwNU8zd1FmaDhV 200
[debug] [2026-09-09T18:52:38.179Z] <<< [apiv2][body] GET https://cloudfunctions.googleapis.com/v1/operations/b25saW5lcHJpbnQ0dS1hNTQ2OC91cy1jZW50cmFsMS9zZW5kT3RwLzBwNU8zd1FmaDhV {"name":"operations/b25saW5lcHJpbnQ0dS1hNTQ2OC91cy1jZW50cmFsMS9zZW5kT3RwLzBwNU8zd1FmaDhV","metadata":{"@type":"type.googleapis.com/google.cloud.functions.v1.OperationMetadataV1","target":"projects/onlineprint4u-a5468/locations/us-central1/functions/sendOtp","type":"UPDATE_FUNCTION","request":{"@type":"type.googleapis.com/google.cloud.functions.v1.CloudFunction","name":"projects/onlineprint4u-a5468/locations/us-central1/functions/sendOtp","httpsTrigger":{"url":"https://us-central1-onlineprint4u-a5468.cloudfunctions.net/sendOtp","securityLevel":"SECURE_ALWAYS"},"status":"OFFLINE","entryPoint":"sendOtp","updateTime":"2026-09-09T18:26:28.355Z","versionId":"1","labels":{"deployment-tool":"cli-firebase","firebase-functions-hash":"9b4d57361c722378ef978765ec91b3f3428b8a77"},"sourceUploadUrl":"https://storage.googleapis.com/uploads-824660725501.us-central1.cloudfunctions.appspot.com/de28b46c-1def-4168-8290-e7bca74c624a.zip?GoogleAccessId=service-72980058633@gcf-admin-robot.iam.gserviceaccount.com&Expires=1788981722&Signature=tAqVNEpqm8LXlQEuk%2BtGKMMFa2K6H3e9q1Aq30k7373ULotwPaVcSc3NFyJkQiVFBQEv3nvySrftw60kB3UzxLUrQ0bOvB7M0utIqsnKLonz9VJ27SDW6hoLgR6P1VJw1UgLrEfu2Z%2FnBeYgq%2F1YW9aNRtFqaDzrYSTlJEN4DrSw1VoRqjVnkXZJ6aHI%2F7LZNMb3kNsAKB2D%2FOrGTgXO3MtuWrTRq6kqqSStFu2t0ohI90hUQDf6hq%2BgW9nE%2FbS3YrsmI3EbPYLjBOEmh%2BBYx3PZ8csvJmkMJbztNTcpn9a5%2F7%2FWjhx4rNw9kCGT5a15g4J%2BkFc3YJPMzTgyGW3wTg%3D%3D","environmentVariables":{"FIREBASE_CONFIG":"{\"projectId\":\"onlineprint4u-a5468\",\"databaseURL\":\"https://onlineprint4u-a5468-default-rtdb.firebaseio.com\",\"storageBucket\":\"onlineprint4u-a5468.firebasestorage.app\"}","GCLOUD_PROJECT":"onlineprint4u-a5468","EVENTARC_CLOUD_EVENT_SOURCE":"projects/onlineprint4u-a5468/locations/us-central1/functions/sendOtp"},"runtime":"nodejs20","buildId":"239ce2a7-6d1f-4af3-ba6d-64fa8b0e6858","buildEnvironmentVariables":{"GOOGLE_NODE_RUN_SCRIPTS":""},"secretEnvironmentVariables":[{"key":"VITE_ZOHO_USER","projectId":"onlineprint4u-a5468","secret":"VITE_ZOHO_USER","version":"1"},{"key":"VITE_ZOHO_PASS","projectId":"onlineprint4u-a5468","secret":"VITE_ZOHO_PASS","version":"1"},{"key":"VITE_ZOHO_SMTP_HOST","projectId":"onlineprint4u-a5468","secret":"VITE_ZOHO_SMTP_HOST","version":"1"},{"key":"VITE_ZOHO_SMTP_PORT","projectId":"onlineprint4u-a5468","secret":"VITE_ZOHO_SMTP_PORT","version":"1"},{"key":"VITE_ZOHO_FROM","projectId":"onlineprint4u-a5468","secret":"VITE_ZOHO_FROM","version":"1"}],"buildName":"projects/72980058633/locations/us-central1/builds/239ce2a7-6d1f-4af3-ba6d-64fa8b0e6858","dockerRegistry":"ARTIFACT_REGISTRY","automaticUpdatePolicy":{},"buildServiceAccount":"projects/onlineprint4u-a5468/serviceAccounts/72980058633-compute@developer.gserviceaccount.com"},"versionId":"2","updateTime":"2026-09-09T18:52:08Z","buildId":"f31b27c3-e838-4a91-9bb3-086af634028e","buildName":"projects/72980058633/locations/us-central1/builds/f31b27c3-e838-4a91-9bb3-086af634028e"}}
[debug] [2026-09-09T18:52:48.202Z] [update-default-us-central1-sendOtp] Retrying task index 0
[debug] [2026-09-09T18:52:48.203Z] Checked if tokens are valid: true, expires at: 1788982786771
[debug] [2026-09-09T18:52:48.203Z] Checked if tokens are valid: true, expires at: 1788982786771
[debug] [2026-09-09T18:52:48.203Z] >>> [apiv2][query] GET https://cloudfunctions.googleapis.com/v1/operations/b25saW5lcHJpbnQ0dS1hNTQ2OC91cy1jZW50cmFsMS9zZW5kT3RwLzBwNU8zd1FmaDhV [none]
[debug] [2026-09-09T18:52:48.917Z] <<< [apiv2][status] GET https://cloudfunctions.googleapis.com/v1/operations/b25saW5lcHJpbnQ0dS1hNTQ2OC91cy1jZW50cmFsMS9zZW5kT3RwLzBwNU8zd1FmaDhV 200
[debug] [2026-09-09T18:52:48.918Z] <<< [apiv2][body] GET https://cloudfunctions.googleapis.com/v1/operations/b25saW5lcHJpbnQ0dS1hNTQ2OC91cy1jZW50cmFsMS9zZW5kT3RwLzBwNU8zd1FmaDhV {"name":"operations/b25saW5lcHJpbnQ0dS1hNTQ2OC91cy1jZW50cmFsMS9zZW5kT3RwLzBwNU8zd1FmaDhV","metadata":{"@type":"type.googleapis.com/google.cloud.functions.v1.OperationMetadataV1","target":"projects/onlineprint4u-a5468/locations/us-central1/functions/sendOtp","type":"UPDATE_FUNCTION","request":{"@type":"type.googleapis.com/google.cloud.functions.v1.CloudFunction","name":"projects/onlineprint4u-a5468/locations/us-central1/functions/sendOtp","httpsTrigger":{"url":"https://us-central1-onlineprint4u-a5468.cloudfunctions.net/sendOtp","securityLevel":"SECURE_ALWAYS"},"status":"OFFLINE","entryPoint":"sendOtp","updateTime":"2026-09-09T18:26:28.355Z","versionId":"1","labels":{"deployment-tool":"cli-firebase","firebase-functions-hash":"9b4d57361c722378ef978765ec91b3f3428b8a77"},"sourceUploadUrl":"https://storage.googleapis.com/uploads-824660725501.us-central1.cloudfunctions.appspot.com/de28b46c-1def-4168-8290-e7bca74c624a.zip?GoogleAccessId=service-72980058633@gcf-admin-robot.iam.gserviceaccount.com&Expires=1788981722&Signature=tAqVNEpqm8LXlQEuk%2BtGKMMFa2K6H3e9q1Aq30k7373ULotwPaVcSc3NFyJkQiVFBQEv3nvySrftw60kB3UzxLUrQ0bOvB7M0utIqsnKLonz9VJ27SDW6hoLgR6P1VJw1UgLrEfu2Z%2FnBeYgq%2F1YW9aNRtFqaDzrYSTlJEN4DrSw1VoRqjVnkXZJ6aHI%2F7LZNMb3kNsAKB2D%2FOrGTgXO3MtuWrTRq6kqqSStFu2t0ohI90hUQDf6hq%2BgW9nE%2FbS3YrsmI3EbPYLjBOEmh%2BBYx3PZ8csvJmkMJbztNTcpn9a5%2F7%2FWjhx4rNw9kCGT5a15g4J%2BkFc3YJPMzTgyGW3wTg%3D%3D","environmentVariables":{"FIREBASE_CONFIG":"{\"projectId\":\"onlineprint4u-a5468\",\"databaseURL\":\"https://onlineprint4u-a5468-default-rtdb.firebaseio.com\",\"storageBucket\":\"onlineprint4u-a5468.firebasestorage.app\"}","GCLOUD_PROJECT":"onlineprint4u-a5468","EVENTARC_CLOUD_EVENT_SOURCE":"projects/onlineprint4u-a5468/locations/us-central1/functions/sendOtp"},"runtime":"nodejs20","buildId":"239ce2a7-6d1f-4af3-ba6d-64fa8b0e6858","buildEnvironmentVariables":{"GOOGLE_NODE_RUN_SCRIPTS":""},"secretEnvironmentVariables":[{"key":"VITE_ZOHO_USER","projectId":"onlineprint4u-a5468","secret":"VITE_ZOHO_USER","version":"1"},{"key":"VITE_ZOHO_PASS","projectId":"onlineprint4u-a5468","secret":"VITE_ZOHO_PASS","version":"1"},{"key":"VITE_ZOHO_SMTP_HOST","projectId":"onlineprint4u-a5468","secret":"VITE_ZOHO_SMTP_HOST","version":"1"},{"key":"VITE_ZOHO_SMTP_PORT","projectId":"onlineprint4u-a5468","secret":"VITE_ZOHO_SMTP_PORT","version":"1"},{"key":"VITE_ZOHO_FROM","projectId":"onlineprint4u-a5468","secret":"VITE_ZOHO_FROM","version":"1"}],"buildName":"projects/72980058633/locations/us-central1/builds/239ce2a7-6d1f-4af3-ba6d-64fa8b0e6858","dockerRegistry":"ARTIFACT_REGISTRY","automaticUpdatePolicy":{},"buildServiceAccount":"projects/onlineprint4u-a5468/serviceAccounts/72980058633-compute@developer.gserviceaccount.com"},"versionId":"2","updateTime":"2026-09-09T18:52:08Z","buildId":"f31b27c3-e838-4a91-9bb3-086af634028e","buildName":"projects/72980058633/locations/us-central1/builds/f31b27c3-e838-4a91-9bb3-086af634028e"}}
[debug] [2026-09-09T18:52:58.929Z] [update-default-us-central1-sendOtp] Retrying task index 0
[debug] [2026-09-09T18:52:58.930Z] Checked if tokens are valid: true, expires at: 1788982786771
[debug] [2026-09-09T18:52:58.930Z] Checked if tokens are valid: true, expires at: 1788982786771
[debug] [2026-09-09T18:52:58.931Z] >>> [apiv2][query] GET https://cloudfunctions.googleapis.com/v1/operations/b25saW5lcHJpbnQ0dS1hNTQ2OC91cy1jZW50cmFsMS9zZW5kT3RwLzBwNU8zd1FmaDhV [none]
[debug] [2026-09-09T18:52:59.677Z] <<< [apiv2][status] GET https://cloudfunctions.googleapis.com/v1/operations/b25saW5lcHJpbnQ0dS1hNTQ2OC91cy1jZW50cmFsMS9zZW5kT3RwLzBwNU8zd1FmaDhV 200
[debug] [2026-09-09T18:52:59.678Z] <<< [apiv2][body] GET https://cloudfunctions.googleapis.com/v1/operations/b25saW5lcHJpbnQ0dS1hNTQ2OC91cy1jZW50cmFsMS9zZW5kT3RwLzBwNU8zd1FmaDhV {"name":"operations/b25saW5lcHJpbnQ0dS1hNTQ2OC91cy1jZW50cmFsMS9zZW5kT3RwLzBwNU8zd1FmaDhV","metadata":{"@type":"type.googleapis.com/google.cloud.functions.v1.OperationMetadataV1","target":"projects/onlineprint4u-a5468/locations/us-central1/functions/sendOtp","type":"UPDATE_FUNCTION","request":{"@type":"type.googleapis.com/google.cloud.functions.v1.CloudFunction","name":"projects/onlineprint4u-a5468/locations/us-central1/functions/sendOtp","httpsTrigger":{"url":"https://us-central1-onlineprint4u-a5468.cloudfunctions.net/sendOtp","securityLevel":"SECURE_ALWAYS"},"status":"OFFLINE","entryPoint":"sendOtp","updateTime":"2026-09-09T18:26:28.355Z","versionId":"1","labels":{"deployment-tool":"cli-firebase","firebase-functions-hash":"9b4d57361c722378ef978765ec91b3f3428b8a77"},"sourceUploadUrl":"https://storage.googleapis.com/uploads-824660725501.us-central1.cloudfunctions.appspot.com/de28b46c-1def-4168-8290-e7bca74c624a.zip?GoogleAccessId=service-72980058633@gcf-admin-robot.iam.gserviceaccount.com&Expires=1788981722&Signature=tAqVNEpqm8LXlQEuk%2BtGKMMFa2K6H3e9q1Aq30k7373ULotwPaVcSc3NFyJkQiVFBQEv3nvySrftw60kB3UzxLUrQ0bOvB7M0utIqsnKLonz9VJ27SDW6hoLgR6P1VJw1UgLrEfu2Z%2FnBeYgq%2F1YW9aNRtFqaDzrYSTlJEN4DrSw1VoRqjVnkXZJ6aHI%2F7LZNMb3kNsAKB2D%2FOrGTgXO3MtuWrTRq6kqqSStFu2t0ohI90hUQDf6hq%2BgW9nE%2FbS3YrsmI3EbPYLjBOEmh%2BBYx3PZ8csvJmkMJbztNTcpn9a5%2F7%2FWjhx4rNw9kCGT5a15g4J%2BkFc3YJPMzTgyGW3wTg%3D%3D","environmentVariables":{"FIREBASE_CONFIG":"{\"projectId\":\"onlineprint4u-a5468\",\"databaseURL\":\"https://onlineprint4u-a5468-default-rtdb.firebaseio.com\",\"storageBucket\":\"onlineprint4u-a5468.firebasestorage.app\"}","GCLOUD_PROJECT":"onlineprint4u-a5468","EVENTARC_CLOUD_EVENT_SOURCE":"projects/onlineprint4u-a5468/locations/us-central1/functions/sendOtp"},"runtime":"nodejs20","buildId":"239ce2a7-6d1f-4af3-ba6d-64fa8b0e6858","buildEnvironmentVariables":{"GOOGLE_NODE_RUN_SCRIPTS":""},"secretEnvironmentVariables":[{"key":"VITE_ZOHO_USER","projectId":"onlineprint4u-a5468","secret":"VITE_ZOHO_USER","version":"1"},{"key":"VITE_ZOHO_PASS","projectId":"onlineprint4u-a5468","secret":"VITE_ZOHO_PASS","version":"1"},{"key":"VITE_ZOHO_SMTP_HOST","projectId":"onlineprint4u-a5468","secret":"VITE_ZOHO_SMTP_HOST","version":"1"},{"key":"VITE_ZOHO_SMTP_PORT","projectId":"onlineprint4u-a5468","secret":"VITE_ZOHO_SMTP_PORT","version":"1"},{"key":"VITE_ZOHO_FROM","projectId":"onlineprint4u-a5468","secret":"VITE_ZOHO_FROM","version":"1"}],"buildName":"projects/72980058633/locations/us-central1/builds/239ce2a7-6d1f-4af3-ba6d-64fa8b0e6858","dockerRegistry":"ARTIFACT_REGISTRY","automaticUpdatePolicy":{},"buildServiceAccount":"projects/onlineprint4u-a5468/serviceAccounts/72980058633-compute@developer.gserviceaccount.com"},"versionId":"2","updateTime":"2026-09-09T18:52:08Z","buildId":"f31b27c3-e838-4a91-9bb3-086af634028e","buildName":"projects/72980058633/locations/us-central1/builds/f31b27c3-e838-4a91-9bb3-086af634028e"}}
[debug] [2026-09-09T18:53:09.685Z] [update-default-us-central1-sendOtp] Retrying task index 0
[debug] [2026-09-09T18:53:09.687Z] Checked if tokens are valid: true, expires at: 1788982786771
[debug] [2026-09-09T18:53:09.687Z] Checked if tokens are valid: true, expires at: 1788982786771
[debug] [2026-09-09T18:53:09.687Z] >>> [apiv2][query] GET https://cloudfunctions.googleapis.com/v1/operations/b25saW5lcHJpbnQ0dS1hNTQ2OC91cy1jZW50cmFsMS9zZW5kT3RwLzBwNU8zd1FmaDhV [none]
[debug] [2026-09-09T18:53:10.358Z] <<< [apiv2][status] GET https://cloudfunctions.googleapis.com/v1/operations/b25saW5lcHJpbnQ0dS1hNTQ2OC91cy1jZW50cmFsMS9zZW5kT3RwLzBwNU8zd1FmaDhV 200
[debug] [2026-09-09T18:53:10.358Z] <<< [apiv2][body] GET https://cloudfunctions.googleapis.com/v1/operations/b25saW5lcHJpbnQ0dS1hNTQ2OC91cy1jZW50cmFsMS9zZW5kT3RwLzBwNU8zd1FmaDhV {"name":"operations/b25saW5lcHJpbnQ0dS1hNTQ2OC91cy1jZW50cmFsMS9zZW5kT3RwLzBwNU8zd1FmaDhV","metadata":{"@type":"type.googleapis.com/google.cloud.functions.v1.OperationMetadataV1","target":"projects/onlineprint4u-a5468/locations/us-central1/functions/sendOtp","type":"UPDATE_FUNCTION","request":{"@type":"type.googleapis.com/google.cloud.functions.v1.CloudFunction","name":"projects/onlineprint4u-a5468/locations/us-central1/functions/sendOtp","httpsTrigger":{"url":"https://us-central1-onlineprint4u-a5468.cloudfunctions.net/sendOtp","securityLevel":"SECURE_ALWAYS"},"status":"OFFLINE","entryPoint":"sendOtp","updateTime":"2026-09-09T18:26:28.355Z","versionId":"1","labels":{"deployment-tool":"cli-firebase","firebase-functions-hash":"9b4d57361c722378ef978765ec91b3f3428b8a77"},"sourceUploadUrl":"https://storage.googleapis.com/uploads-824660725501.us-central1.cloudfunctions.appspot.com/de28b46c-1def-4168-8290-e7bca74c624a.zip?GoogleAccessId=service-72980058633@gcf-admin-robot.iam.gserviceaccount.com&Expires=1788981722&Signature=tAqVNEpqm8LXlQEuk%2BtGKMMFa2K6H3e9q1Aq30k7373ULotwPaVcSc3NFyJkQiVFBQEv3nvySrftw60kB3UzxLUrQ0bOvB7M0utIqsnKLonz9VJ27SDW6hoLgR6P1VJw1UgLrEfu2Z%2FnBeYgq%2F1YW9aNRtFqaDzrYSTlJEN4DrSw1VoRqjVnkXZJ6aHI%2F7LZNMb3kNsAKB2D%2FOrGTgXO3MtuWrTRq6kqqSStFu2t0ohI90hUQDf6hq%2BgW9nE%2FbS3YrsmI3EbPYLjBOEmh%2BBYx3PZ8csvJmkMJbztNTcpn9a5%2F7%2FWjhx4rNw9kCGT5a15g4J%2BkFc3YJPMzTgyGW3wTg%3D%3D","environmentVariables":{"FIREBASE_CONFIG":"{\"projectId\":\"onlineprint4u-a5468\",\"databaseURL\":\"https://onlineprint4u-a5468-default-rtdb.firebaseio.com\",\"storageBucket\":\"onlineprint4u-a5468.firebasestorage.app\"}","GCLOUD_PROJECT":"onlineprint4u-a5468","EVENTARC_CLOUD_EVENT_SOURCE":"projects/onlineprint4u-a5468/locations/us-central1/functions/sendOtp"},"runtime":"nodejs20","buildId":"239ce2a7-6d1f-4af3-ba6d-64fa8b0e6858","buildEnvironmentVariables":{"GOOGLE_NODE_RUN_SCRIPTS":""},"secretEnvironmentVariables":[{"key":"VITE_ZOHO_USER","projectId":"onlineprint4u-a5468","secret":"VITE_ZOHO_USER","version":"1"},{"key":"VITE_ZOHO_PASS","projectId":"onlineprint4u-a5468","secret":"VITE_ZOHO_PASS","version":"1"},{"key":"VITE_ZOHO_SMTP_HOST","projectId":"onlineprint4u-a5468","secret":"VITE_ZOHO_SMTP_HOST","version":"1"},{"key":"VITE_ZOHO_SMTP_PORT","projectId":"onlineprint4u-a5468","secret":"VITE_ZOHO_SMTP_PORT","version":"1"},{"key":"VITE_ZOHO_FROM","projectId":"onlineprint4u-a5468","secret":"VITE_ZOHO_FROM","version":"1"}],"buildName":"projects/72980058633/locations/us-central1/builds/239ce2a7-6d1f-4af3-ba6d-64fa8b0e6858","dockerRegistry":"ARTIFACT_REGISTRY","automaticUpdatePolicy":{},"buildServiceAccount":"projects/onlineprint4u-a5468/serviceAccounts/72980058633-compute@developer.gserviceaccount.com"},"versionId":"2","updateTime":"2026-09-09T18:52:08Z","buildId":"f31b27c3-e838-4a91-9bb3-086af634028e","sourceToken":"809a70c4-60ea-4206-9145-63d2b5ac1cd4","buildName":"projects/72980058633/locations/us-central1/builds/f31b27c3-e838-4a91-9bb3-086af634028e"}}
[debug] [2026-09-09T18:53:10.359Z] Got source token 809a70c4-60ea-4206-9145-63d2b5ac1cd4 for region us-central1
[debug] [2026-09-09T18:53:10.359Z] Checked if tokens are valid: true, expires at: 1788982786771
[debug] [2026-09-09T18:53:10.359Z] Checked if tokens are valid: true, expires at: 1788982786771
[debug] [2026-09-09T18:53:10.359Z] Checked if tokens are valid: true, expires at: 1788982786771
[debug] [2026-09-09T18:53:10.359Z] Checked if tokens are valid: true, expires at: 1788982786771
[debug] [2026-09-09T18:53:10.359Z] Checked if tokens are valid: true, expires at: 1788982786771
[debug] [2026-09-09T18:53:10.359Z] Checked if tokens are valid: true, expires at: 1788982786771
[debug] [2026-09-09T18:53:10.360Z] >>> [apiv2][query] PATCH https://cloudfunctions.googleapis.com/v1/projects/onlineprint4u-a5468/locations/us-central1/functions/verifyOtp updateMask=name%2CsourceUploadUrl%2CentryPoint%2Cruntime%2CdockerRegistry%2Clabels%2ChttpsTrigger.securityLevel%2CminInstances%2CmaxInstances%2CingressSettings%2CenvironmentVariables%2CsecretEnvironmentVariables%2CserviceAccountEmail%2CavailableMemoryMb%2Ctimeout%2CvpcConnector%2CvpcConnectorEgressSettings%2CsourceToken%2CbuildEnvironmentVariables
[debug] [2026-09-09T18:53:10.360Z] >>> [apiv2][body] PATCH https://cloudfunctions.googleapis.com/v1/projects/onlineprint4u-a5468/locations/us-central1/functions/verifyOtp {"name":"projects/onlineprint4u-a5468/locations/us-central1/functions/verifyOtp","sourceUploadUrl":"https://storage.googleapis.com/uploads-824660725501.us-central1.cloudfunctions.appspot.com/de28b46c-1def-4168-8290-e7bca74c624a.zip?GoogleAccessId=service-72980058633@gcf-admin-robot.iam.gserviceaccount.com&Expires=1788981722&Signature=tAqVNEpqm8LXlQEuk%2BtGKMMFa2K6H3e9q1Aq30k7373ULotwPaVcSc3NFyJkQiVFBQEv3nvySrftw60kB3UzxLUrQ0bOvB7M0utIqsnKLonz9VJ27SDW6hoLgR6P1VJw1UgLrEfu2Z%2FnBeYgq%2F1YW9aNRtFqaDzrYSTlJEN4DrSw1VoRqjVnkXZJ6aHI%2F7LZNMb3kNsAKB2D%2FOrGTgXO3MtuWrTRq6kqqSStFu2t0ohI90hUQDf6hq%2BgW9nE%2FbS3YrsmI3EbPYLjBOEmh%2BBYx3PZ8csvJmkMJbztNTcpn9a5%2F7%2FWjhx4rNw9kCGT5a15g4J%2BkFc3YJPMzTgyGW3wTg%3D%3D","entryPoint":"verifyOtp","runtime":"nodejs20","dockerRegistry":"ARTIFACT_REGISTRY","labels":{"deployment-tool":"cli-firebase","deployment-callable":"true","firebase-functions-hash":"9b4d57361c722378ef978765ec91b3f3428b8a77"},"httpsTrigger":{"securityLevel":"SECURE_ALWAYS"},"minInstances":null,"maxInstances":null,"ingressSettings":null,"environmentVariables":{"FIREBASE_CONFIG":"{\"projectId\":\"onlineprint4u-a5468\",\"databaseURL\":\"https://onlineprint4u-a5468-default-rtdb.firebaseio.com\",\"storageBucket\":\"onlineprint4u-a5468.firebasestorage.app\"}","GCLOUD_PROJECT":"onlineprint4u-a5468","EVENTARC_CLOUD_EVENT_SOURCE":"projects/onlineprint4u-a5468/locations/us-central1/functions/verifyOtp"},"secretEnvironmentVariables":[{"key":"VITE_ZOHO_USER","secret":"VITE_ZOHO_USER","projectId":"onlineprint4u-a5468","version":"1"},{"key":"VITE_ZOHO_PASS","secret":"VITE_ZOHO_PASS","projectId":"onlineprint4u-a5468","version":"1"},{"key":"VITE_ZOHO_SMTP_HOST","secret":"VITE_ZOHO_SMTP_HOST","projectId":"onlineprint4u-a5468","version":"1"},{"key":"VITE_ZOHO_SMTP_PORT","secret":"VITE_ZOHO_SMTP_PORT","projectId":"onlineprint4u-a5468","version":"1"},{"key":"VITE_ZOHO_FROM","secret":"VITE_ZOHO_FROM","projectId":"onlineprint4u-a5468","version":"1"}],"serviceAccountEmail":null,"availableMemoryMb":null,"timeout":null,"vpcConnector":null,"vpcConnectorEgressSettings":null,"sourceToken":"809a70c4-60ea-4206-9145-63d2b5ac1cd4","buildEnvironmentVariables":{"GOOGLE_NODE_RUN_SCRIPTS":""}}
[debug] [2026-09-09T18:53:10.361Z] >>> [apiv2][query] PATCH https://cloudfunctions.googleapis.com/v1/projects/onlineprint4u-a5468/locations/us-central1/functions/sendPasswordReset updateMask=name%2CsourceUploadUrl%2CentryPoint%2Cruntime%2CdockerRegistry%2Clabels%2ChttpsTrigger.securityLevel%2CminInstances%2CmaxInstances%2CingressSettings%2CenvironmentVariables%2CsecretEnvironmentVariables%2CserviceAccountEmail%2CavailableMemoryMb%2Ctimeout%2CvpcConnector%2CvpcConnectorEgressSettings%2CsourceToken%2CbuildEnvironmentVariables
[debug] [2026-09-09T18:53:10.361Z] >>> [apiv2][body] PATCH https://cloudfunctions.googleapis.com/v1/projects/onlineprint4u-a5468/locations/us-central1/functions/sendPasswordReset {"name":"projects/onlineprint4u-a5468/locations/us-central1/functions/sendPasswordReset","sourceUploadUrl":"https://storage.googleapis.com/uploads-824660725501.us-central1.cloudfunctions.appspot.com/de28b46c-1def-4168-8290-e7bca74c624a.zip?GoogleAccessId=service-72980058633@gcf-admin-robot.iam.gserviceaccount.com&Expires=1788981722&Signature=tAqVNEpqm8LXlQEuk%2BtGKMMFa2K6H3e9q1Aq30k7373ULotwPaVcSc3NFyJkQiVFBQEv3nvySrftw60kB3UzxLUrQ0bOvB7M0utIqsnKLonz9VJ27SDW6hoLgR6P1VJw1UgLrEfu2Z%2FnBeYgq%2F1YW9aNRtFqaDzrYSTlJEN4DrSw1VoRqjVnkXZJ6aHI%2F7LZNMb3kNsAKB2D%2FOrGTgXO3MtuWrTRq6kqqSStFu2t0ohI90hUQDf6hq%2BgW9nE%2FbS3YrsmI3EbPYLjBOEmh%2BBYx3PZ8csvJmkMJbztNTcpn9a5%2F7%2FWjhx4rNw9kCGT5a15g4J%2BkFc3YJPMzTgyGW3wTg%3D%3D","entryPoint":"sendPasswordReset","runtime":"nodejs20","dockerRegistry":"ARTIFACT_REGISTRY","labels":{"deployment-tool":"cli-firebase","deployment-callable":"true","firebase-functions-hash":"9b4d57361c722378ef978765ec91b3f3428b8a77"},"httpsTrigger":{"securityLevel":"SECURE_ALWAYS"},"minInstances":null,"maxInstances":null,"ingressSettings":null,"environmentVariables":{"FIREBASE_CONFIG":"{\"projectId\":\"onlineprint4u-a5468\",\"databaseURL\":\"https://onlineprint4u-a5468-default-rtdb.firebaseio.com\",\"storageBucket\":\"onlineprint4u-a5468.firebasestorage.app\"}","GCLOUD_PROJECT":"onlineprint4u-a5468","EVENTARC_CLOUD_EVENT_SOURCE":"projects/onlineprint4u-a5468/locations/us-central1/functions/sendPasswordReset"},"secretEnvironmentVariables":[{"key":"VITE_ZOHO_USER","secret":"VITE_ZOHO_USER","projectId":"onlineprint4u-a5468","version":"1"},{"key":"VITE_ZOHO_PASS","secret":"VITE_ZOHO_PASS","projectId":"onlineprint4u-a5468","version":"1"},{"key":"VITE_ZOHO_SMTP_HOST","secret":"VITE_ZOHO_SMTP_HOST","projectId":"onlineprint4u-a5468","version":"1"},{"key":"VITE_ZOHO_SMTP_PORT","secret":"VITE_ZOHO_SMTP_PORT","projectId":"onlineprint4u-a5468","version":"1"},{"key":"VITE_ZOHO_FROM","secret":"VITE_ZOHO_FROM","projectId":"onlineprint4u-a5468","version":"1"}],"serviceAccountEmail":null,"availableMemoryMb":null,"timeout":null,"vpcConnector":null,"vpcConnectorEgressSettings":null,"sourceToken":"809a70c4-60ea-4206-9145-63d2b5ac1cd4","buildEnvironmentVariables":{"GOOGLE_NODE_RUN_SCRIPTS":""}}
[debug] [2026-09-09T18:53:10.362Z] >>> [apiv2][query] PATCH https://cloudfunctions.googleapis.com/v1/projects/onlineprint4u-a5468/locations/us-central1/functions/onOrderCreated updateMask=name%2CsourceUploadUrl%2CentryPoint%2Cruntime%2CdockerRegistry%2Clabels%2CeventTrigger.eventType%2CeventTrigger.resource%2CeventTrigger.failurePolicy%2CminInstances%2CmaxInstances%2CingressSettings%2CenvironmentVariables%2CsecretEnvironmentVariables%2CserviceAccountEmail%2CavailableMemoryMb%2Ctimeout%2CvpcConnector%2CvpcConnectorEgressSettings%2CsourceToken%2CbuildEnvironmentVariables
[debug] [2026-09-09T18:53:10.362Z] >>> [apiv2][body] PATCH https://cloudfunctions.googleapis.com/v1/projects/onlineprint4u-a5468/locations/us-central1/functions/onOrderCreated {"name":"projects/onlineprint4u-a5468/locations/us-central1/functions/onOrderCreated","sourceUploadUrl":"https://storage.googleapis.com/uploads-824660725501.us-central1.cloudfunctions.appspot.com/de28b46c-1def-4168-8290-e7bca74c624a.zip?GoogleAccessId=service-72980058633@gcf-admin-robot.iam.gserviceaccount.com&Expires=1788981722&Signature=tAqVNEpqm8LXlQEuk%2BtGKMMFa2K6H3e9q1Aq30k7373ULotwPaVcSc3NFyJkQiVFBQEv3nvySrftw60kB3UzxLUrQ0bOvB7M0utIqsnKLonz9VJ27SDW6hoLgR6P1VJw1UgLrEfu2Z%2FnBeYgq%2F1YW9aNRtFqaDzrYSTlJEN4DrSw1VoRqjVnkXZJ6aHI%2F7LZNMb3kNsAKB2D%2FOrGTgXO3MtuWrTRq6kqqSStFu2t0ohI90hUQDf6hq%2BgW9nE%2FbS3YrsmI3EbPYLjBOEmh%2BBYx3PZ8csvJmkMJbztNTcpn9a5%2F7%2FWjhx4rNw9kCGT5a15g4J%2BkFc3YJPMzTgyGW3wTg%3D%3D","entryPoint":"onOrderCreated","runtime":"nodejs20","dockerRegistry":"ARTIFACT_REGISTRY","labels":{"deployment-tool":"cli-firebase","firebase-functions-hash":"9b4d57361c722378ef978765ec91b3f3428b8a77"},"eventTrigger":{"eventType":"providers/cloud.firestore/eventTypes/document.create","resource":"projects/onlineprint4u-a5468/databases/(default)/documents/orders/{orderId}"},"minInstances":null,"maxInstances":null,"ingressSettings":null,"environmentVariables":{"FIREBASE_CONFIG":"{\"projectId\":\"onlineprint4u-a5468\",\"databaseURL\":\"https://onlineprint4u-a5468-default-rtdb.firebaseio.com\",\"storageBucket\":\"onlineprint4u-a5468.firebasestorage.app\"}","GCLOUD_PROJECT":"onlineprint4u-a5468","EVENTARC_CLOUD_EVENT_SOURCE":"projects/onlineprint4u-a5468/locations/us-central1/functions/onOrderCreated"},"secretEnvironmentVariables":[{"key":"VITE_ZOHO_USER","secret":"VITE_ZOHO_USER","projectId":"onlineprint4u-a5468","version":"1"},{"key":"VITE_ZOHO_PASS","secret":"VITE_ZOHO_PASS","projectId":"onlineprint4u-a5468","version":"1"},{"key":"VITE_ZOHO_SMTP_HOST","secret":"VITE_ZOHO_SMTP_HOST","projectId":"onlineprint4u-a5468","version":"1"},{"key":"VITE_ZOHO_SMTP_PORT","secret":"VITE_ZOHO_SMTP_PORT","projectId":"onlineprint4u-a5468","version":"1"},{"key":"VITE_ZOHO_FROM","secret":"VITE_ZOHO_FROM","projectId":"onlineprint4u-a5468","version":"1"}],"serviceAccountEmail":null,"availableMemoryMb":null,"timeout":null,"vpcConnector":null,"vpcConnectorEgressSettings":null,"sourceToken":"809a70c4-60ea-4206-9145-63d2b5ac1cd4","buildEnvironmentVariables":{"GOOGLE_NODE_RUN_SCRIPTS":""}}
[debug] [2026-09-09T18:53:11.477Z] <<< [apiv2][status] PATCH https://cloudfunctions.googleapis.com/v1/projects/onlineprint4u-a5468/locations/us-central1/functions/verifyOtp 200
[debug] [2026-09-09T18:53:11.477Z] <<< [apiv2][body] PATCH https://cloudfunctions.googleapis.com/v1/projects/onlineprint4u-a5468/locations/us-central1/functions/verifyOtp {"name":"operations/b25saW5lcHJpbnQ0dS1hNTQ2OC91cy1jZW50cmFsMS92ZXJpZnlPdHAvd0hyTldIZk0zVm8","metadata":{"@type":"type.googleapis.com/google.cloud.functions.v1.OperationMetadataV1","target":"projects/onlineprint4u-a5468/locations/us-central1/functions/verifyOtp","type":"UPDATE_FUNCTION","request":{"@type":"type.googleapis.com/google.cloud.functions.v1.CloudFunction","name":"projects/onlineprint4u-a5468/locations/us-central1/functions/verifyOtp","httpsTrigger":{"url":"https://us-central1-onlineprint4u-a5468.cloudfunctions.net/verifyOtp","securityLevel":"SECURE_ALWAYS"},"status":"OFFLINE","entryPoint":"verifyOtp","updateTime":"2026-09-09T18:27:15.828Z","versionId":"1","labels":{"deployment-tool":"cli-firebase","deployment-callable":"true","firebase-functions-hash":"9b4d57361c722378ef978765ec91b3f3428b8a77"},"sourceUploadUrl":"https://storage.googleapis.com/uploads-824660725501.us-central1.cloudfunctions.appspot.com/de28b46c-1def-4168-8290-e7bca74c624a.zip?GoogleAccessId=service-72980058633@gcf-admin-robot.iam.gserviceaccount.com&Expires=1788981722&Signature=tAqVNEpqm8LXlQEuk%2BtGKMMFa2K6H3e9q1Aq30k7373ULotwPaVcSc3NFyJkQiVFBQEv3nvySrftw60kB3UzxLUrQ0bOvB7M0utIqsnKLonz9VJ27SDW6hoLgR6P1VJw1UgLrEfu2Z%2FnBeYgq%2F1YW9aNRtFqaDzrYSTlJEN4DrSw1VoRqjVnkXZJ6aHI%2F7LZNMb3kNsAKB2D%2FOrGTgXO3MtuWrTRq6kqqSStFu2t0ohI90hUQDf6hq%2BgW9nE%2FbS3YrsmI3EbPYLjBOEmh%2BBYx3PZ8csvJmkMJbztNTcpn9a5%2F7%2FWjhx4rNw9kCGT5a15g4J%2BkFc3YJPMzTgyGW3wTg%3D%3D","environmentVariables":{"FIREBASE_CONFIG":"{\"projectId\":\"onlineprint4u-a5468\",\"databaseURL\":\"https://onlineprint4u-a5468-default-rtdb.firebaseio.com\",\"storageBucket\":\"onlineprint4u-a5468.firebasestorage.app\"}","GCLOUD_PROJECT":"onlineprint4u-a5468","EVENTARC_CLOUD_EVENT_SOURCE":"projects/onlineprint4u-a5468/locations/us-central1/functions/verifyOtp"},"runtime":"nodejs20","buildId":"31f7f0d1-bd75-43e1-a36b-728f47e504cc","buildEnvironmentVariables":{"GOOGLE_NODE_RUN_SCRIPTS":""},"secretEnvironmentVariables":[{"key":"VITE_ZOHO_USER","projectId":"onlineprint4u-a5468","secret":"VITE_ZOHO_USER","version":"1"},{"key":"VITE_ZOHO_PASS","projectId":"onlineprint4u-a5468","secret":"VITE_ZOHO_PASS","version":"1"},{"key":"VITE_ZOHO_SMTP_HOST","projectId":"onlineprint4u-a5468","secret":"VITE_ZOHO_SMTP_HOST","version":"1"},{"key":"VITE_ZOHO_SMTP_PORT","projectId":"onlineprint4u-a5468","secret":"VITE_ZOHO_SMTP_PORT","version":"1"},{"key":"VITE_ZOHO_FROM","projectId":"onlineprint4u-a5468","secret":"VITE_ZOHO_FROM","version":"1"}],"sourceToken":"809a70c4-60ea-4206-9145-63d2b5ac1cd4","buildName":"projects/72980058633/locations/us-central1/builds/31f7f0d1-bd75-43e1-a36b-728f47e504cc","dockerRegistry":"ARTIFACT_REGISTRY","automaticUpdatePolicy":{},"buildServiceAccount":"projects/onlineprint4u-a5468/serviceAccounts/72980058633-compute@developer.gserviceaccount.com"},"versionId":"2","updateTime":"2026-09-09T18:53:11Z","sourceToken":"809a70c4-60ea-4206-9145-63d2b5ac1cd4"}}
[debug] [2026-09-09T18:53:11.477Z] Checked if tokens are valid: true, expires at: 1788982786771
[debug] [2026-09-09T18:53:11.477Z] Checked if tokens are valid: true, expires at: 1788982786771
[debug] [2026-09-09T18:53:11.477Z] >>> [apiv2][query] GET https://cloudfunctions.googleapis.com/v1/operations/b25saW5lcHJpbnQ0dS1hNTQ2OC91cy1jZW50cmFsMS92ZXJpZnlPdHAvd0hyTldIZk0zVm8 [none]
[debug] [2026-09-09T18:53:11.586Z] <<< [apiv2][status] PATCH https://cloudfunctions.googleapis.com/v1/projects/onlineprint4u-a5468/locations/us-central1/functions/sendPasswordReset 200
[debug] [2026-09-09T18:53:11.586Z] <<< [apiv2][body] PATCH https://cloudfunctions.googleapis.com/v1/projects/onlineprint4u-a5468/locations/us-central1/functions/sendPasswordReset {"name":"operations/b25saW5lcHJpbnQ0dS1hNTQ2OC91cy1jZW50cmFsMS9zZW5kUGFzc3dvcmRSZXNldC9DRDJRN29BMlY2OA","metadata":{"@type":"type.googleapis.com/google.cloud.functions.v1.OperationMetadataV1","target":"projects/onlineprint4u-a5468/locations/us-central1/functions/sendPasswordReset","type":"UPDATE_FUNCTION","request":{"@type":"type.googleapis.com/google.cloud.functions.v1.CloudFunction","name":"projects/onlineprint4u-a5468/locations/us-central1/functions/sendPasswordReset","httpsTrigger":{"url":"https://us-central1-onlineprint4u-a5468.cloudfunctions.net/sendPasswordReset","securityLevel":"SECURE_ALWAYS"},"status":"OFFLINE","entryPoint":"sendPasswordReset","updateTime":"2026-09-09T18:27:12.983Z","versionId":"1","labels":{"deployment-tool":"cli-firebase","deployment-callable":"true","firebase-functions-hash":"9b4d57361c722378ef978765ec91b3f3428b8a77"},"sourceUploadUrl":"https://storage.googleapis.com/uploads-824660725501.us-central1.cloudfunctions.appspot.com/de28b46c-1def-4168-8290-e7bca74c624a.zip?GoogleAccessId=service-72980058633@gcf-admin-robot.iam.gserviceaccount.com&Expires=1788981722&Signature=tAqVNEpqm8LXlQEuk%2BtGKMMFa2K6H3e9q1Aq30k7373ULotwPaVcSc3NFyJkQiVFBQEv3nvySrftw60kB3UzxLUrQ0bOvB7M0utIqsnKLonz9VJ27SDW6hoLgR6P1VJw1UgLrEfu2Z%2FnBeYgq%2F1YW9aNRtFqaDzrYSTlJEN4DrSw1VoRqjVnkXZJ6aHI%2F7LZNMb3kNsAKB2D%2FOrGTgXO3MtuWrTRq6kqqSStFu2t0ohI90hUQDf6hq%2BgW9nE%2FbS3YrsmI3EbPYLjBOEmh%2BBYx3PZ8csvJmkMJbztNTcpn9a5%2F7%2FWjhx4rNw9kCGT5a15g4J%2BkFc3YJPMzTgyGW3wTg%3D%3D","environmentVariables":{"FIREBASE_CONFIG":"{\"projectId\":\"onlineprint4u-a5468\",\"databaseURL\":\"https://onlineprint4u-a5468-default-rtdb.firebaseio.com\",\"storageBucket\":\"onlineprint4u-a5468.firebasestorage.app\"}","GCLOUD_PROJECT":"onlineprint4u-a5468","EVENTARC_CLOUD_EVENT_SOURCE":"projects/onlineprint4u-a5468/locations/us-central1/functions/sendPasswordReset"},"runtime":"nodejs20","buildId":"2caf52e2-9ef5-4d50-b6de-d248346d3111","buildEnvironmentVariables":{"GOOGLE_NODE_RUN_SCRIPTS":""},"secretEnvironmentVariables":[{"key":"VITE_ZOHO_USER","projectId":"onlineprint4u-a5468","secret":"VITE_ZOHO_USER","version":"1"},{"key":"VITE_ZOHO_PASS","projectId":"onlineprint4u-a5468","secret":"VITE_ZOHO_PASS","version":"1"},{"key":"VITE_ZOHO_SMTP_HOST","projectId":"onlineprint4u-a5468","secret":"VITE_ZOHO_SMTP_HOST","version":"1"},{"key":"VITE_ZOHO_SMTP_PORT","projectId":"onlineprint4u-a5468","secret":"VITE_ZOHO_SMTP_PORT","version":"1"},{"key":"VITE_ZOHO_FROM","projectId":"onlineprint4u-a5468","secret":"VITE_ZOHO_FROM","version":"1"}],"sourceToken":"809a70c4-60ea-4206-9145-63d2b5ac1cd4","buildName":"projects/72980058633/locations/us-central1/builds/2caf52e2-9ef5-4d50-b6de-d248346d3111","dockerRegistry":"ARTIFACT_REGISTRY","automaticUpdatePolicy":{},"buildServiceAccount":"projects/onlineprint4u-a5468/serviceAccounts/72980058633-compute@developer.gserviceaccount.com"},"versionId":"2","updateTime":"2026-09-09T18:53:11Z","sourceToken":"809a70c4-60ea-4206-9145-63d2b5ac1cd4"}}
[debug] [2026-09-09T18:53:11.587Z] Checked if tokens are valid: true, expires at: 1788982786771
[debug] [2026-09-09T18:53:11.588Z] Checked if tokens are valid: true, expires at: 1788982786771
[debug] [2026-09-09T18:53:11.588Z] >>> [apiv2][query] GET https://cloudfunctions.googleapis.com/v1/operations/b25saW5lcHJpbnQ0dS1hNTQ2OC91cy1jZW50cmFsMS9zZW5kUGFzc3dvcmRSZXNldC9DRDJRN29BMlY2OA [none]
[debug] [2026-09-09T18:53:11.906Z] <<< [apiv2][status] GET https://cloudfunctions.googleapis.com/v1/operations/b25saW5lcHJpbnQ0dS1hNTQ2OC91cy1jZW50cmFsMS92ZXJpZnlPdHAvd0hyTldIZk0zVm8 200
[debug] [2026-09-09T18:53:11.906Z] <<< [apiv2][body] GET https://cloudfunctions.googleapis.com/v1/operations/b25saW5lcHJpbnQ0dS1hNTQ2OC91cy1jZW50cmFsMS92ZXJpZnlPdHAvd0hyTldIZk0zVm8 {"name":"operations/b25saW5lcHJpbnQ0dS1hNTQ2OC91cy1jZW50cmFsMS92ZXJpZnlPdHAvd0hyTldIZk0zVm8","metadata":{"@type":"type.googleapis.com/google.cloud.functions.v1.OperationMetadataV1","target":"projects/onlineprint4u-a5468/locations/us-central1/functions/verifyOtp","type":"UPDATE_FUNCTION","request":{"@type":"type.googleapis.com/google.cloud.functions.v1.CloudFunction","name":"projects/onlineprint4u-a5468/locations/us-central1/functions/verifyOtp","httpsTrigger":{"url":"https://us-central1-onlineprint4u-a5468.cloudfunctions.net/verifyOtp","securityLevel":"SECURE_ALWAYS"},"status":"OFFLINE","entryPoint":"verifyOtp","updateTime":"2026-09-09T18:27:15.828Z","versionId":"1","labels":{"deployment-tool":"cli-firebase","deployment-callable":"true","firebase-functions-hash":"9b4d57361c722378ef978765ec91b3f3428b8a77"},"sourceUploadUrl":"https://storage.googleapis.com/uploads-824660725501.us-central1.cloudfunctions.appspot.com/de28b46c-1def-4168-8290-e7bca74c624a.zip?GoogleAccessId=service-72980058633@gcf-admin-robot.iam.gserviceaccount.com&Expires=1788981722&Signature=tAqVNEpqm8LXlQEuk%2BtGKMMFa2K6H3e9q1Aq30k7373ULotwPaVcSc3NFyJkQiVFBQEv3nvySrftw60kB3UzxLUrQ0bOvB7M0utIqsnKLonz9VJ27SDW6hoLgR6P1VJw1UgLrEfu2Z%2FnBeYgq%2F1YW9aNRtFqaDzrYSTlJEN4DrSw1VoRqjVnkXZJ6aHI%2F7LZNMb3kNsAKB2D%2FOrGTgXO3MtuWrTRq6kqqSStFu2t0ohI90hUQDf6hq%2BgW9nE%2FbS3YrsmI3EbPYLjBOEmh%2BBYx3PZ8csvJmkMJbztNTcpn9a5%2F7%2FWjhx4rNw9kCGT5a15g4J%2BkFc3YJPMzTgyGW3wTg%3D%3D","environmentVariables":{"FIREBASE_CONFIG":"{\"projectId\":\"onlineprint4u-a5468\",\"databaseURL\":\"https://onlineprint4u-a5468-default-rtdb.firebaseio.com\",\"storageBucket\":\"onlineprint4u-a5468.firebasestorage.app\"}","GCLOUD_PROJECT":"onlineprint4u-a5468","EVENTARC_CLOUD_EVENT_SOURCE":"projects/onlineprint4u-a5468/locations/us-central1/functions/verifyOtp"},"runtime":"nodejs20","buildId":"31f7f0d1-bd75-43e1-a36b-728f47e504cc","buildEnvironmentVariables":{"GOOGLE_NODE_RUN_SCRIPTS":""},"secretEnvironmentVariables":[{"key":"VITE_ZOHO_USER","projectId":"onlineprint4u-a5468","secret":"VITE_ZOHO_USER","version":"1"},{"key":"VITE_ZOHO_PASS","projectId":"onlineprint4u-a5468","secret":"VITE_ZOHO_PASS","version":"1"},{"key":"VITE_ZOHO_SMTP_HOST","projectId":"onlineprint4u-a5468","secret":"VITE_ZOHO_SMTP_HOST","version":"1"},{"key":"VITE_ZOHO_SMTP_PORT","projectId":"onlineprint4u-a5468","secret":"VITE_ZOHO_SMTP_PORT","version":"1"},{"key":"VITE_ZOHO_FROM","projectId":"onlineprint4u-a5468","secret":"VITE_ZOHO_FROM","version":"1"}],"sourceToken":"809a70c4-60ea-4206-9145-63d2b5ac1cd4","buildName":"projects/72980058633/locations/us-central1/builds/31f7f0d1-bd75-43e1-a36b-728f47e504cc","dockerRegistry":"ARTIFACT_REGISTRY","automaticUpdatePolicy":{},"buildServiceAccount":"projects/onlineprint4u-a5468/serviceAccounts/72980058633-compute@developer.gserviceaccount.com"},"versionId":"2","updateTime":"2026-09-09T18:53:11Z","sourceToken":"809a70c4-60ea-4206-9145-63d2b5ac1cd4"}}
[debug] [2026-09-09T18:53:11.907Z] Got source token 809a70c4-60ea-4206-9145-63d2b5ac1cd4 for region us-central1
[debug] [2026-09-09T18:53:12.123Z] <<< [apiv2][status] GET https://cloudfunctions.googleapis.com/v1/operations/b25saW5lcHJpbnQ0dS1hNTQ2OC91cy1jZW50cmFsMS9zZW5kUGFzc3dvcmRSZXNldC9DRDJRN29BMlY2OA 200
[debug] [2026-09-09T18:53:12.124Z] <<< [apiv2][body] GET https://cloudfunctions.googleapis.com/v1/operations/b25saW5lcHJpbnQ0dS1hNTQ2OC91cy1jZW50cmFsMS9zZW5kUGFzc3dvcmRSZXNldC9DRDJRN29BMlY2OA {"name":"operations/b25saW5lcHJpbnQ0dS1hNTQ2OC91cy1jZW50cmFsMS9zZW5kUGFzc3dvcmRSZXNldC9DRDJRN29BMlY2OA","metadata":{"@type":"type.googleapis.com/google.cloud.functions.v1.OperationMetadataV1","target":"projects/onlineprint4u-a5468/locations/us-central1/functions/sendPasswordReset","type":"UPDATE_FUNCTION","request":{"@type":"type.googleapis.com/google.cloud.functions.v1.CloudFunction","name":"projects/onlineprint4u-a5468/locations/us-central1/functions/sendPasswordReset","httpsTrigger":{"url":"https://us-central1-onlineprint4u-a5468.cloudfunctions.net/sendPasswordReset","securityLevel":"SECURE_ALWAYS"},"status":"OFFLINE","entryPoint":"sendPasswordReset","updateTime":"2026-09-09T18:27:12.983Z","versionId":"1","labels":{"deployment-tool":"cli-firebase","deployment-callable":"true","firebase-functions-hash":"9b4d57361c722378ef978765ec91b3f3428b8a77"},"sourceUploadUrl":"https://storage.googleapis.com/uploads-824660725501.us-central1.cloudfunctions.appspot.com/de28b46c-1def-4168-8290-e7bca74c624a.zip?GoogleAccessId=service-72980058633@gcf-admin-robot.iam.gserviceaccount.com&Expires=1788981722&Signature=tAqVNEpqm8LXlQEuk%2BtGKMMFa2K6H3e9q1Aq30k7373ULotwPaVcSc3NFyJkQiVFBQEv3nvySrftw60kB3UzxLUrQ0bOvB7M0utIqsnKLonz9VJ27SDW6hoLgR6P1VJw1UgLrEfu2Z%2FnBeYgq%2F1YW9aNRtFqaDzrYSTlJEN4DrSw1VoRqjVnkXZJ6aHI%2F7LZNMb3kNsAKB2D%2FOrGTgXO3MtuWrTRq6kqqSStFu2t0ohI90hUQDf6hq%2BgW9nE%2FbS3YrsmI3EbPYLjBOEmh%2BBYx3PZ8csvJmkMJbztNTcpn9a5%2F7%2FWjhx4rNw9kCGT5a15g4J%2BkFc3YJPMzTgyGW3wTg%3D%3D","environmentVariables":{"FIREBASE_CONFIG":"{\"projectId\":\"onlineprint4u-a5468\",\"databaseURL\":\"https://onlineprint4u-a5468-default-rtdb.firebaseio.com\",\"storageBucket\":\"onlineprint4u-a5468.firebasestorage.app\"}","GCLOUD_PROJECT":"onlineprint4u-a5468","EVENTARC_CLOUD_EVENT_SOURCE":"projects/onlineprint4u-a5468/locations/us-central1/functions/sendPasswordReset"},"runtime":"nodejs20","buildId":"2caf52e2-9ef5-4d50-b6de-d248346d3111","buildEnvironmentVariables":{"GOOGLE_NODE_RUN_SCRIPTS":""},"secretEnvironmentVariables":[{"key":"VITE_ZOHO_USER","projectId":"onlineprint4u-a5468","secret":"VITE_ZOHO_USER","version":"1"},{"key":"VITE_ZOHO_PASS","projectId":"onlineprint4u-a5468","secret":"VITE_ZOHO_PASS","version":"1"},{"key":"VITE_ZOHO_SMTP_HOST","projectId":"onlineprint4u-a5468","secret":"VITE_ZOHO_SMTP_HOST","version":"1"},{"key":"VITE_ZOHO_SMTP_PORT","projectId":"onlineprint4u-a5468","secret":"VITE_ZOHO_SMTP_PORT","version":"1"},{"key":"VITE_ZOHO_FROM","projectId":"onlineprint4u-a5468","secret":"VITE_ZOHO_FROM","version":"1"}],"sourceToken":"809a70c4-60ea-4206-9145-63d2b5ac1cd4","buildName":"projects/72980058633/locations/us-central1/builds/2caf52e2-9ef5-4d50-b6de-d248346d3111","dockerRegistry":"ARTIFACT_REGISTRY","automaticUpdatePolicy":{},"buildServiceAccount":"projects/onlineprint4u-a5468/serviceAccounts/72980058633-compute@developer.gserviceaccount.com"},"versionId":"2","updateTime":"2026-09-09T18:53:11Z","sourceToken":"809a70c4-60ea-4206-9145-63d2b5ac1cd4"}}
[debug] [2026-09-09T18:53:12.124Z] Got source token 809a70c4-60ea-4206-9145-63d2b5ac1cd4 for region us-central1
[debug] [2026-09-09T18:53:12.407Z] [update-default-us-central1-verifyOtp] Retrying task index 0
[debug] [2026-09-09T18:53:12.408Z] Checked if tokens are valid: true, expires at: 1788982786771
[debug] [2026-09-09T18:53:12.408Z] Checked if tokens are valid: true, expires at: 1788982786771
[debug] [2026-09-09T18:53:12.409Z] >>> [apiv2][query] GET https://cloudfunctions.googleapis.com/v1/operations/b25saW5lcHJpbnQ0dS1hNTQ2OC91cy1jZW50cmFsMS92ZXJpZnlPdHAvd0hyTldIZk0zVm8 [none]
[debug] [2026-09-09T18:53:12.631Z] [update-default-us-central1-sendPasswordReset] Retrying task index 0
[debug] [2026-09-09T18:53:12.632Z] Checked if tokens are valid: true, expires at: 1788982786771
[debug] [2026-09-09T18:53:12.633Z] Checked if tokens are valid: true, expires at: 1788982786771
[debug] [2026-09-09T18:53:12.633Z] >>> [apiv2][query] GET https://cloudfunctions.googleapis.com/v1/operations/b25saW5lcHJpbnQ0dS1hNTQ2OC91cy1jZW50cmFsMS9zZW5kUGFzc3dvcmRSZXNldC9DRDJRN29BMlY2OA [none]
[debug] [2026-09-09T18:53:12.920Z] <<< [apiv2][status] GET https://cloudfunctions.googleapis.com/v1/operations/b25saW5lcHJpbnQ0dS1hNTQ2OC91cy1jZW50cmFsMS92ZXJpZnlPdHAvd0hyTldIZk0zVm8 200
[debug] [2026-09-09T18:53:12.920Z] <<< [apiv2][body] GET https://cloudfunctions.googleapis.com/v1/operations/b25saW5lcHJpbnQ0dS1hNTQ2OC91cy1jZW50cmFsMS92ZXJpZnlPdHAvd0hyTldIZk0zVm8 {"name":"operations/b25saW5lcHJpbnQ0dS1hNTQ2OC91cy1jZW50cmFsMS92ZXJpZnlPdHAvd0hyTldIZk0zVm8","metadata":{"@type":"type.googleapis.com/google.cloud.functions.v1.OperationMetadataV1","target":"projects/onlineprint4u-a5468/locations/us-central1/functions/verifyOtp","type":"UPDATE_FUNCTION","request":{"@type":"type.googleapis.com/google.cloud.functions.v1.CloudFunction","name":"projects/onlineprint4u-a5468/locations/us-central1/functions/verifyOtp","httpsTrigger":{"url":"https://us-central1-onlineprint4u-a5468.cloudfunctions.net/verifyOtp","securityLevel":"SECURE_ALWAYS"},"status":"OFFLINE","entryPoint":"verifyOtp","updateTime":"2026-09-09T18:27:15.828Z","versionId":"1","labels":{"deployment-tool":"cli-firebase","deployment-callable":"true","firebase-functions-hash":"9b4d57361c722378ef978765ec91b3f3428b8a77"},"sourceUploadUrl":"https://storage.googleapis.com/uploads-824660725501.us-central1.cloudfunctions.appspot.com/de28b46c-1def-4168-8290-e7bca74c624a.zip?GoogleAccessId=service-72980058633@gcf-admin-robot.iam.gserviceaccount.com&Expires=1788981722&Signature=tAqVNEpqm8LXlQEuk%2BtGKMMFa2K6H3e9q1Aq30k7373ULotwPaVcSc3NFyJkQiVFBQEv3nvySrftw60kB3UzxLUrQ0bOvB7M0utIqsnKLonz9VJ27SDW6hoLgR6P1VJw1UgLrEfu2Z%2FnBeYgq%2F1YW9aNRtFqaDzrYSTlJEN4DrSw1VoRqjVnkXZJ6aHI%2F7LZNMb3kNsAKB2D%2FOrGTgXO3MtuWrTRq6kqqSStFu2t0ohI90hUQDf6hq%2BgW9nE%2FbS3YrsmI3EbPYLjBOEmh%2BBYx3PZ8csvJmkMJbztNTcpn9a5%2F7%2FWjhx4rNw9kCGT5a15g4J%2BkFc3YJPMzTgyGW3wTg%3D%3D","environmentVariables":{"FIREBASE_CONFIG":"{\"projectId\":\"onlineprint4u-a5468\",\"databaseURL\":\"https://onlineprint4u-a5468-default-rtdb.firebaseio.com\",\"storageBucket\":\"onlineprint4u-a5468.firebasestorage.app\"}","GCLOUD_PROJECT":"onlineprint4u-a5468","EVENTARC_CLOUD_EVENT_SOURCE":"projects/onlineprint4u-a5468/locations/us-central1/functions/verifyOtp"},"runtime":"nodejs20","buildId":"31f7f0d1-bd75-43e1-a36b-728f47e504cc","buildEnvironmentVariables":{"GOOGLE_NODE_RUN_SCRIPTS":""},"secretEnvironmentVariables":[{"key":"VITE_ZOHO_USER","projectId":"onlineprint4u-a5468","secret":"VITE_ZOHO_USER","version":"1"},{"key":"VITE_ZOHO_PASS","projectId":"onlineprint4u-a5468","secret":"VITE_ZOHO_PASS","version":"1"},{"key":"VITE_ZOHO_SMTP_HOST","projectId":"onlineprint4u-a5468","secret":"VITE_ZOHO_SMTP_HOST","version":"1"},{"key":"VITE_ZOHO_SMTP_PORT","projectId":"onlineprint4u-a5468","secret":"VITE_ZOHO_SMTP_PORT","version":"1"},{"key":"VITE_ZOHO_FROM","projectId":"onlineprint4u-a5468","secret":"VITE_ZOHO_FROM","version":"1"}],"sourceToken":"809a70c4-60ea-4206-9145-63d2b5ac1cd4","buildName":"projects/72980058633/locations/us-central1/builds/31f7f0d1-bd75-43e1-a36b-728f47e504cc","dockerRegistry":"ARTIFACT_REGISTRY","automaticUpdatePolicy":{},"buildServiceAccount":"projects/onlineprint4u-a5468/serviceAccounts/72980058633-compute@developer.gserviceaccount.com"},"versionId":"2","updateTime":"2026-09-09T18:53:11Z","buildId":"f31b27c3-e838-4a91-9bb3-086af634028e","sourceToken":"809a70c4-60ea-4206-9145-63d2b5ac1cd4","buildName":"projects/72980058633/locations/us-central1/builds/f31b27c3-e838-4a91-9bb3-086af634028e"}}
[debug] [2026-09-09T18:53:12.920Z] Got source token 809a70c4-60ea-4206-9145-63d2b5ac1cd4 for region us-central1
[debug] [2026-09-09T18:53:13.244Z] <<< [apiv2][status] PATCH https://cloudfunctions.googleapis.com/v1/projects/onlineprint4u-a5468/locations/us-central1/functions/onOrderCreated 200
[debug] [2026-09-09T18:53:13.245Z] <<< [apiv2][body] PATCH https://cloudfunctions.googleapis.com/v1/projects/onlineprint4u-a5468/locations/us-central1/functions/onOrderCreated {"name":"operations/b25saW5lcHJpbnQ0dS1hNTQ2OC91cy1jZW50cmFsMS9vbk9yZGVyQ3JlYXRlZC9RQVN6ckpqMV85UQ","metadata":{"@type":"type.googleapis.com/google.cloud.functions.v1.OperationMetadataV1","target":"projects/onlineprint4u-a5468/locations/us-central1/functions/onOrderCreated","type":"UPDATE_FUNCTION","request":{"@type":"type.googleapis.com/google.cloud.functions.v1.CloudFunction","name":"projects/onlineprint4u-a5468/locations/us-central1/functions/onOrderCreated","eventTrigger":{"eventType":"providers/cloud.firestore/eventTypes/document.create","resource":"projects/onlineprint4u-a5468/databases/(default)/documents/orders/{orderId}","service":"firestore.googleapis.com"},"status":"OFFLINE","entryPoint":"onOrderCreated","updateTime":"2026-09-09T18:27:12.447Z","versionId":"1","labels":{"deployment-tool":"cli-firebase","firebase-functions-hash":"9b4d57361c722378ef978765ec91b3f3428b8a77"},"sourceUploadUrl":"https://storage.googleapis.com/uploads-824660725501.us-central1.cloudfunctions.appspot.com/de28b46c-1def-4168-8290-e7bca74c624a.zip?GoogleAccessId=service-72980058633@gcf-admin-robot.iam.gserviceaccount.com&Expires=1788981722&Signature=tAqVNEpqm8LXlQEuk%2BtGKMMFa2K6H3e9q1Aq30k7373ULotwPaVcSc3NFyJkQiVFBQEv3nvySrftw60kB3UzxLUrQ0bOvB7M0utIqsnKLonz9VJ27SDW6hoLgR6P1VJw1UgLrEfu2Z%2FnBeYgq%2F1YW9aNRtFqaDzrYSTlJEN4DrSw1VoRqjVnkXZJ6aHI%2F7LZNMb3kNsAKB2D%2FOrGTgXO3MtuWrTRq6kqqSStFu2t0ohI90hUQDf6hq%2BgW9nE%2FbS3YrsmI3EbPYLjBOEmh%2BBYx3PZ8csvJmkMJbztNTcpn9a5%2F7%2FWjhx4rNw9kCGT5a15g4J%2BkFc3YJPMzTgyGW3wTg%3D%3D","environmentVariables":{"FIREBASE_CONFIG":"{\"projectId\":\"onlineprint4u-a5468\",\"databaseURL\":\"https://onlineprint4u-a5468-default-rtdb.firebaseio.com\",\"storageBucket\":\"onlineprint4u-a5468.firebasestorage.app\"}","GCLOUD_PROJECT":"onlineprint4u-a5468","EVENTARC_CLOUD_EVENT_SOURCE":"projects/onlineprint4u-a5468/locations/us-central1/functions/onOrderCreated"},"runtime":"nodejs20","buildId":"b904138a-763f-45ed-9ce8-0c5453c3cf46","buildEnvironmentVariables":{"GOOGLE_NODE_RUN_SCRIPTS":""},"secretEnvironmentVariables":[{"key":"VITE_ZOHO_USER","projectId":"onlineprint4u-a5468","secret":"VITE_ZOHO_USER","version":"1"},{"key":"VITE_ZOHO_PASS","projectId":"onlineprint4u-a5468","secret":"VITE_ZOHO_PASS","version":"1"},{"key":"VITE_ZOHO_SMTP_HOST","projectId":"onlineprint4u-a5468","secret":"VITE_ZOHO_SMTP_HOST","version":"1"},{"key":"VITE_ZOHO_SMTP_PORT","projectId":"onlineprint4u-a5468","secret":"VITE_ZOHO_SMTP_PORT","version":"1"},{"key":"VITE_ZOHO_FROM","projectId":"onlineprint4u-a5468","secret":"VITE_ZOHO_FROM","version":"1"}],"sourceToken":"809a70c4-60ea-4206-9145-63d2b5ac1cd4","buildName":"projects/72980058633/locations/us-central1/builds/b904138a-763f-45ed-9ce8-0c5453c3cf46","dockerRegistry":"ARTIFACT_REGISTRY","automaticUpdatePolicy":{},"buildServiceAccount":"projects/onlineprint4u-a5468/serviceAccounts/72980058633-compute@developer.gserviceaccount.com"},"versionId":"2","updateTime":"2026-09-09T18:53:12Z","sourceToken":"809a70c4-60ea-4206-9145-63d2b5ac1cd4"}}
[debug] [2026-09-09T18:53:13.246Z] Checked if tokens are valid: true, expires at: 1788982786771
[debug] [2026-09-09T18:53:13.246Z] Checked if tokens are valid: true, expires at: 1788982786771
[debug] [2026-09-09T18:53:13.246Z] >>> [apiv2][query] GET https://cloudfunctions.googleapis.com/v1/operations/b25saW5lcHJpbnQ0dS1hNTQ2OC91cy1jZW50cmFsMS9vbk9yZGVyQ3JlYXRlZC9RQVN6ckpqMV85UQ [none]
[debug] [2026-09-09T18:53:13.248Z] <<< [apiv2][status] GET https://cloudfunctions.googleapis.com/v1/operations/b25saW5lcHJpbnQ0dS1hNTQ2OC91cy1jZW50cmFsMS9zZW5kUGFzc3dvcmRSZXNldC9DRDJRN29BMlY2OA 200
[debug] [2026-09-09T18:53:13.249Z] <<< [apiv2][body] GET https://cloudfunctions.googleapis.com/v1/operations/b25saW5lcHJpbnQ0dS1hNTQ2OC91cy1jZW50cmFsMS9zZW5kUGFzc3dvcmRSZXNldC9DRDJRN29BMlY2OA {"name":"operations/b25saW5lcHJpbnQ0dS1hNTQ2OC91cy1jZW50cmFsMS9zZW5kUGFzc3dvcmRSZXNldC9DRDJRN29BMlY2OA","metadata":{"@type":"type.googleapis.com/google.cloud.functions.v1.OperationMetadataV1","target":"projects/onlineprint4u-a5468/locations/us-central1/functions/sendPasswordReset","type":"UPDATE_FUNCTION","request":{"@type":"type.googleapis.com/google.cloud.functions.v1.CloudFunction","name":"projects/onlineprint4u-a5468/locations/us-central1/functions/sendPasswordReset","httpsTrigger":{"url":"https://us-central1-onlineprint4u-a5468.cloudfunctions.net/sendPasswordReset","securityLevel":"SECURE_ALWAYS"},"status":"OFFLINE","entryPoint":"sendPasswordReset","updateTime":"2026-09-09T18:27:12.983Z","versionId":"1","labels":{"deployment-tool":"cli-firebase","deployment-callable":"true","firebase-functions-hash":"9b4d57361c722378ef978765ec91b3f3428b8a77"},"sourceUploadUrl":"https://storage.googleapis.com/uploads-824660725501.us-central1.cloudfunctions.appspot.com/de28b46c-1def-4168-8290-e7bca74c624a.zip?GoogleAccessId=service-72980058633@gcf-admin-robot.iam.gserviceaccount.com&Expires=1788981722&Signature=tAqVNEpqm8LXlQEuk%2BtGKMMFa2K6H3e9q1Aq30k7373ULotwPaVcSc3NFyJkQiVFBQEv3nvySrftw60kB3UzxLUrQ0bOvB7M0utIqsnKLonz9VJ27SDW6hoLgR6P1VJw1UgLrEfu2Z%2FnBeYgq%2F1YW9aNRtFqaDzrYSTlJEN4DrSw1VoRqjVnkXZJ6aHI%2F7LZNMb3kNsAKB2D%2FOrGTgXO3MtuWrTRq6kqqSStFu2t0ohI90hUQDf6hq%2BgW9nE%2FbS3YrsmI3EbPYLjBOEmh%2BBYx3PZ8csvJmkMJbztNTcpn9a5%2F7%2FWjhx4rNw9kCGT5a15g4J%2BkFc3YJPMzTgyGW3wTg%3D%3D","environmentVariables":{"FIREBASE_CONFIG":"{\"projectId\":\"onlineprint4u-a5468\",\"databaseURL\":\"https://onlineprint4u-a5468-default-rtdb.firebaseio.com\",\"storageBucket\":\"onlineprint4u-a5468.firebasestorage.app\"}","GCLOUD_PROJECT":"onlineprint4u-a5468","EVENTARC_CLOUD_EVENT_SOURCE":"projects/onlineprint4u-a5468/locations/us-central1/functions/sendPasswordReset"},"runtime":"nodejs20","buildId":"2caf52e2-9ef5-4d50-b6de-d248346d3111","buildEnvironmentVariables":{"GOOGLE_NODE_RUN_SCRIPTS":""},"secretEnvironmentVariables":[{"key":"VITE_ZOHO_USER","projectId":"onlineprint4u-a5468","secret":"VITE_ZOHO_USER","version":"1"},{"key":"VITE_ZOHO_PASS","projectId":"onlineprint4u-a5468","secret":"VITE_ZOHO_PASS","version":"1"},{"key":"VITE_ZOHO_SMTP_HOST","projectId":"onlineprint4u-a5468","secret":"VITE_ZOHO_SMTP_HOST","version":"1"},{"key":"VITE_ZOHO_SMTP_PORT","projectId":"onlineprint4u-a5468","secret":"VITE_ZOHO_SMTP_PORT","version":"1"},{"key":"VITE_ZOHO_FROM","projectId":"onlineprint4u-a5468","secret":"VITE_ZOHO_FROM","version":"1"}],"sourceToken":"809a70c4-60ea-4206-9145-63d2b5ac1cd4","buildName":"projects/72980058633/locations/us-central1/builds/2caf52e2-9ef5-4d50-b6de-d248346d3111","dockerRegistry":"ARTIFACT_REGISTRY","automaticUpdatePolicy":{},"buildServiceAccount":"projects/onlineprint4u-a5468/serviceAccounts/72980058633-compute@developer.gserviceaccount.com"},"versionId":"2","updateTime":"2026-09-09T18:53:11Z","buildId":"f31b27c3-e838-4a91-9bb3-086af634028e","sourceToken":"809a70c4-60ea-4206-9145-63d2b5ac1cd4","buildName":"projects/72980058633/locations/us-central1/builds/f31b27c3-e838-4a91-9bb3-086af634028e"}}
[debug] [2026-09-09T18:53:13.249Z] Got source token 809a70c4-60ea-4206-9145-63d2b5ac1cd4 for region us-central1
[debug] [2026-09-09T18:53:13.716Z] <<< [apiv2][status] GET https://cloudfunctions.googleapis.com/v1/operations/b25saW5lcHJpbnQ0dS1hNTQ2OC91cy1jZW50cmFsMS9vbk9yZGVyQ3JlYXRlZC9RQVN6ckpqMV85UQ 200
[debug] [2026-09-09T18:53:13.717Z] <<< [apiv2][body] GET https://cloudfunctions.googleapis.com/v1/operations/b25saW5lcHJpbnQ0dS1hNTQ2OC91cy1jZW50cmFsMS9vbk9yZGVyQ3JlYXRlZC9RQVN6ckpqMV85UQ {"name":"operations/b25saW5lcHJpbnQ0dS1hNTQ2OC91cy1jZW50cmFsMS9vbk9yZGVyQ3JlYXRlZC9RQVN6ckpqMV85UQ","metadata":{"@type":"type.googleapis.com/google.cloud.functions.v1.OperationMetadataV1","target":"projects/onlineprint4u-a5468/locations/us-central1/functions/onOrderCreated","type":"UPDATE_FUNCTION","request":{"@type":"type.googleapis.com/google.cloud.functions.v1.CloudFunction","name":"projects/onlineprint4u-a5468/locations/us-central1/functions/onOrderCreated","eventTrigger":{"eventType":"providers/cloud.firestore/eventTypes/document.create","resource":"projects/onlineprint4u-a5468/databases/(default)/documents/orders/{orderId}","service":"firestore.googleapis.com"},"status":"OFFLINE","entryPoint":"onOrderCreated","updateTime":"2026-09-09T18:27:12.447Z","versionId":"1","labels":{"deployment-tool":"cli-firebase","firebase-functions-hash":"9b4d57361c722378ef978765ec91b3f3428b8a77"},"sourceUploadUrl":"https://storage.googleapis.com/uploads-824660725501.us-central1.cloudfunctions.appspot.com/de28b46c-1def-4168-8290-e7bca74c624a.zip?GoogleAccessId=service-72980058633@gcf-admin-robot.iam.gserviceaccount.com&Expires=1788981722&Signature=tAqVNEpqm8LXlQEuk%2BtGKMMFa2K6H3e9q1Aq30k7373ULotwPaVcSc3NFyJkQiVFBQEv3nvySrftw60kB3UzxLUrQ0bOvB7M0utIqsnKLonz9VJ27SDW6hoLgR6P1VJw1UgLrEfu2Z%2FnBeYgq%2F1YW9aNRtFqaDzrYSTlJEN4DrSw1VoRqjVnkXZJ6aHI%2F7LZNMb3kNsAKB2D%2FOrGTgXO3MtuWrTRq6kqqSStFu2t0ohI90hUQDf6hq%2BgW9nE%2FbS3YrsmI3EbPYLjBOEmh%2BBYx3PZ8csvJmkMJbztNTcpn9a5%2F7%2FWjhx4rNw9kCGT5a15g4J%2BkFc3YJPMzTgyGW3wTg%3D%3D","environmentVariables":{"FIREBASE_CONFIG":"{\"projectId\":\"onlineprint4u-a5468\",\"databaseURL\":\"https://onlineprint4u-a5468-default-rtdb.firebaseio.com\",\"storageBucket\":\"onlineprint4u-a5468.firebasestorage.app\"}","GCLOUD_PROJECT":"onlineprint4u-a5468","EVENTARC_CLOUD_EVENT_SOURCE":"projects/onlineprint4u-a5468/locations/us-central1/functions/onOrderCreated"},"runtime":"nodejs20","buildId":"b904138a-763f-45ed-9ce8-0c5453c3cf46","buildEnvironmentVariables":{"GOOGLE_NODE_RUN_SCRIPTS":""},"secretEnvironmentVariables":[{"key":"VITE_ZOHO_USER","projectId":"onlineprint4u-a5468","secret":"VITE_ZOHO_USER","version":"1"},{"key":"VITE_ZOHO_PASS","projectId":"onlineprint4u-a5468","secret":"VITE_ZOHO_PASS","version":"1"},{"key":"VITE_ZOHO_SMTP_HOST","projectId":"onlineprint4u-a5468","secret":"VITE_ZOHO_SMTP_HOST","version":"1"},{"key":"VITE_ZOHO_SMTP_PORT","projectId":"onlineprint4u-a5468","secret":"VITE_ZOHO_SMTP_PORT","version":"1"},{"key":"VITE_ZOHO_FROM","projectId":"onlineprint4u-a5468","secret":"VITE_ZOHO_FROM","version":"1"}],"sourceToken":"809a70c4-60ea-4206-9145-63d2b5ac1cd4","buildName":"projects/72980058633/locations/us-central1/builds/b904138a-763f-45ed-9ce8-0c5453c3cf46","dockerRegistry":"ARTIFACT_REGISTRY","automaticUpdatePolicy":{},"buildServiceAccount":"projects/onlineprint4u-a5468/serviceAccounts/72980058633-compute@developer.gserviceaccount.com"},"versionId":"2","updateTime":"2026-09-09T18:53:12Z","sourceToken":"809a70c4-60ea-4206-9145-63d2b5ac1cd4"}}
[debug] [2026-09-09T18:53:13.717Z] Got source token 809a70c4-60ea-4206-9145-63d2b5ac1cd4 for region us-central1
[debug] [2026-09-09T18:53:13.921Z] [update-default-us-central1-verifyOtp] Retrying task index 0
[debug] [2026-09-09T18:53:13.921Z] Checked if tokens are valid: true, expires at: 1788982786771
[debug] [2026-09-09T18:53:13.921Z] Checked if tokens are valid: true, expires at: 1788982786771
[debug] [2026-09-09T18:53:13.922Z] >>> [apiv2][query] GET https://cloudfunctions.googleapis.com/v1/operations/b25saW5lcHJpbnQ0dS1hNTQ2OC91cy1jZW50cmFsMS92ZXJpZnlPdHAvd0hyTldIZk0zVm8 [none]
[debug] [2026-09-09T18:53:14.224Z] [update-default-us-central1-onOrderCreated] Retrying task index 0
[debug] [2026-09-09T18:53:14.224Z] Checked if tokens are valid: true, expires at: 1788982786771
[debug] [2026-09-09T18:53:14.225Z] Checked if tokens are valid: true, expires at: 1788982786771
[debug] [2026-09-09T18:53:14.225Z] >>> [apiv2][query] GET https://cloudfunctions.googleapis.com/v1/operations/b25saW5lcHJpbnQ0dS1hNTQ2OC91cy1jZW50cmFsMS9vbk9yZGVyQ3JlYXRlZC9RQVN6ckpqMV85UQ [none]
[debug] [2026-09-09T18:53:14.256Z] [update-default-us-central1-sendPasswordReset] Retrying task index 0
[debug] [2026-09-09T18:53:14.256Z] Checked if tokens are valid: true, expires at: 1788982786771
[debug] [2026-09-09T18:53:14.256Z] Checked if tokens are valid: true, expires at: 1788982786771
[debug] [2026-09-09T18:53:14.256Z] >>> [apiv2][query] GET https://cloudfunctions.googleapis.com/v1/operations/b25saW5lcHJpbnQ0dS1hNTQ2OC91cy1jZW50cmFsMS9zZW5kUGFzc3dvcmRSZXNldC9DRDJRN29BMlY2OA [none]
[debug] [2026-09-09T18:53:14.417Z] <<< [apiv2][status] GET https://cloudfunctions.googleapis.com/v1/operations/b25saW5lcHJpbnQ0dS1hNTQ2OC91cy1jZW50cmFsMS92ZXJpZnlPdHAvd0hyTldIZk0zVm8 200
[debug] [2026-09-09T18:53:14.418Z] <<< [apiv2][body] GET https://cloudfunctions.googleapis.com/v1/operations/b25saW5lcHJpbnQ0dS1hNTQ2OC91cy1jZW50cmFsMS92ZXJpZnlPdHAvd0hyTldIZk0zVm8 {"name":"operations/b25saW5lcHJpbnQ0dS1hNTQ2OC91cy1jZW50cmFsMS92ZXJpZnlPdHAvd0hyTldIZk0zVm8","metadata":{"@type":"type.googleapis.com/google.cloud.functions.v1.OperationMetadataV1","target":"projects/onlineprint4u-a5468/locations/us-central1/functions/verifyOtp","type":"UPDATE_FUNCTION","request":{"@type":"type.googleapis.com/google.cloud.functions.v1.CloudFunction","name":"projects/onlineprint4u-a5468/locations/us-central1/functions/verifyOtp","httpsTrigger":{"url":"https://us-central1-onlineprint4u-a5468.cloudfunctions.net/verifyOtp","securityLevel":"SECURE_ALWAYS"},"status":"OFFLINE","entryPoint":"verifyOtp","updateTime":"2026-09-09T18:27:15.828Z","versionId":"1","labels":{"deployment-tool":"cli-firebase","deployment-callable":"true","firebase-functions-hash":"9b4d57361c722378ef978765ec91b3f3428b8a77"},"sourceUploadUrl":"https://storage.googleapis.com/uploads-824660725501.us-central1.cloudfunctions.appspot.com/de28b46c-1def-4168-8290-e7bca74c624a.zip?GoogleAccessId=service-72980058633@gcf-admin-robot.iam.gserviceaccount.com&Expires=1788981722&Signature=tAqVNEpqm8LXlQEuk%2BtGKMMFa2K6H3e9q1Aq30k7373ULotwPaVcSc3NFyJkQiVFBQEv3nvySrftw60kB3UzxLUrQ0bOvB7M0utIqsnKLonz9VJ27SDW6hoLgR6P1VJw1UgLrEfu2Z%2FnBeYgq%2F1YW9aNRtFqaDzrYSTlJEN4DrSw1VoRqjVnkXZJ6aHI%2F7LZNMb3kNsAKB2D%2FOrGTgXO3MtuWrTRq6kqqSStFu2t0ohI90hUQDf6hq%2BgW9nE%2FbS3YrsmI3EbPYLjBOEmh%2BBYx3PZ8csvJmkMJbztNTcpn9a5%2F7%2FWjhx4rNw9kCGT5a15g4J%2BkFc3YJPMzTgyGW3wTg%3D%3D","environmentVariables":{"FIREBASE_CONFIG":"{\"projectId\":\"onlineprint4u-a5468\",\"databaseURL\":\"https://onlineprint4u-a5468-default-rtdb.firebaseio.com\",\"storageBucket\":\"onlineprint4u-a5468.firebasestorage.app\"}","GCLOUD_PROJECT":"onlineprint4u-a5468","EVENTARC_CLOUD_EVENT_SOURCE":"projects/onlineprint4u-a5468/locations/us-central1/functions/verifyOtp"},"runtime":"nodejs20","buildId":"31f7f0d1-bd75-43e1-a36b-728f47e504cc","buildEnvironmentVariables":{"GOOGLE_NODE_RUN_SCRIPTS":""},"secretEnvironmentVariables":[{"key":"VITE_ZOHO_USER","projectId":"onlineprint4u-a5468","secret":"VITE_ZOHO_USER","version":"1"},{"key":"VITE_ZOHO_PASS","projectId":"onlineprint4u-a5468","secret":"VITE_ZOHO_PASS","version":"1"},{"key":"VITE_ZOHO_SMTP_HOST","projectId":"onlineprint4u-a5468","secret":"VITE_ZOHO_SMTP_HOST","version":"1"},{"key":"VITE_ZOHO_SMTP_PORT","projectId":"onlineprint4u-a5468","secret":"VITE_ZOHO_SMTP_PORT","version":"1"},{"key":"VITE_ZOHO_FROM","projectId":"onlineprint4u-a5468","secret":"VITE_ZOHO_FROM","version":"1"}],"sourceToken":"809a70c4-60ea-4206-9145-63d2b5ac1cd4","buildName":"projects/72980058633/locations/us-central1/builds/31f7f0d1-bd75-43e1-a36b-728f47e504cc","dockerRegistry":"ARTIFACT_REGISTRY","automaticUpdatePolicy":{},"buildServiceAccount":"projects/onlineprint4u-a5468/serviceAccounts/72980058633-compute@developer.gserviceaccount.com"},"versionId":"2","updateTime":"2026-09-09T18:53:11Z","buildId":"f31b27c3-e838-4a91-9bb3-086af634028e","sourceToken":"809a70c4-60ea-4206-9145-63d2b5ac1cd4","buildName":"projects/72980058633/locations/us-central1/builds/f31b27c3-e838-4a91-9bb3-086af634028e"}}
[debug] [2026-09-09T18:53:14.418Z] Got source token 809a70c4-60ea-4206-9145-63d2b5ac1cd4 for region us-central1
[debug] [2026-09-09T18:53:14.728Z] <<< [apiv2][status] GET https://cloudfunctions.googleapis.com/v1/operations/b25saW5lcHJpbnQ0dS1hNTQ2OC91cy1jZW50cmFsMS9zZW5kUGFzc3dvcmRSZXNldC9DRDJRN29BMlY2OA 200
[debug] [2026-09-09T18:53:14.728Z] <<< [apiv2][body] GET https://cloudfunctions.googleapis.com/v1/operations/b25saW5lcHJpbnQ0dS1hNTQ2OC91cy1jZW50cmFsMS9zZW5kUGFzc3dvcmRSZXNldC9DRDJRN29BMlY2OA {"name":"operations/b25saW5lcHJpbnQ0dS1hNTQ2OC91cy1jZW50cmFsMS9zZW5kUGFzc3dvcmRSZXNldC9DRDJRN29BMlY2OA","metadata":{"@type":"type.googleapis.com/google.cloud.functions.v1.OperationMetadataV1","target":"projects/onlineprint4u-a5468/locations/us-central1/functions/sendPasswordReset","type":"UPDATE_FUNCTION","request":{"@type":"type.googleapis.com/google.cloud.functions.v1.CloudFunction","name":"projects/onlineprint4u-a5468/locations/us-central1/functions/sendPasswordReset","httpsTrigger":{"url":"https://us-central1-onlineprint4u-a5468.cloudfunctions.net/sendPasswordReset","securityLevel":"SECURE_ALWAYS"},"status":"OFFLINE","entryPoint":"sendPasswordReset","updateTime":"2026-09-09T18:27:12.983Z","versionId":"1","labels":{"deployment-tool":"cli-firebase","deployment-callable":"true","firebase-functions-hash":"9b4d57361c722378ef978765ec91b3f3428b8a77"},"sourceUploadUrl":"https://storage.googleapis.com/uploads-824660725501.us-central1.cloudfunctions.appspot.com/de28b46c-1def-4168-8290-e7bca74c624a.zip?GoogleAccessId=service-72980058633@gcf-admin-robot.iam.gserviceaccount.com&Expires=1788981722&Signature=tAqVNEpqm8LXlQEuk%2BtGKMMFa2K6H3e9q1Aq30k7373ULotwPaVcSc3NFyJkQiVFBQEv3nvySrftw60kB3UzxLUrQ0bOvB7M0utIqsnKLonz9VJ27SDW6hoLgR6P1VJw1UgLrEfu2Z%2FnBeYgq%2F1YW9aNRtFqaDzrYSTlJEN4DrSw1VoRqjVnkXZJ6aHI%2F7LZNMb3kNsAKB2D%2FOrGTgXO3MtuWrTRq6kqqSStFu2t0ohI90hUQDf6hq%2BgW9nE%2FbS3YrsmI3EbPYLjBOEmh%2BBYx3PZ8csvJmkMJbztNTcpn9a5%2F7%2FWjhx4rNw9kCGT5a15g4J%2BkFc3YJPMzTgyGW3wTg%3D%3D","environmentVariables":{"FIREBASE_CONFIG":"{\"projectId\":\"onlineprint4u-a5468\",\"databaseURL\":\"https://onlineprint4u-a5468-default-rtdb.firebaseio.com\",\"storageBucket\":\"onlineprint4u-a5468.firebasestorage.app\"}","GCLOUD_PROJECT":"onlineprint4u-a5468","EVENTARC_CLOUD_EVENT_SOURCE":"projects/onlineprint4u-a5468/locations/us-central1/functions/sendPasswordReset"},"runtime":"nodejs20","buildId":"2caf52e2-9ef5-4d50-b6de-d248346d3111","buildEnvironmentVariables":{"GOOGLE_NODE_RUN_SCRIPTS":""},"secretEnvironmentVariables":[{"key":"VITE_ZOHO_USER","projectId":"onlineprint4u-a5468","secret":"VITE_ZOHO_USER","version":"1"},{"key":"VITE_ZOHO_PASS","projectId":"onlineprint4u-a5468","secret":"VITE_ZOHO_PASS","version":"1"},{"key":"VITE_ZOHO_SMTP_HOST","projectId":"onlineprint4u-a5468","secret":"VITE_ZOHO_SMTP_HOST","version":"1"},{"key":"VITE_ZOHO_SMTP_PORT","projectId":"onlineprint4u-a5468","secret":"VITE_ZOHO_SMTP_PORT","version":"1"},{"key":"VITE_ZOHO_FROM","projectId":"onlineprint4u-a5468","secret":"VITE_ZOHO_FROM","version":"1"}],"sourceToken":"809a70c4-60ea-4206-9145-63d2b5ac1cd4","buildName":"projects/72980058633/locations/us-central1/builds/2caf52e2-9ef5-4d50-b6de-d248346d3111","dockerRegistry":"ARTIFACT_REGISTRY","automaticUpdatePolicy":{},"buildServiceAccount":"projects/onlineprint4u-a5468/serviceAccounts/72980058633-compute@developer.gserviceaccount.com"},"versionId":"2","updateTime":"2026-09-09T18:53:11Z","buildId":"f31b27c3-e838-4a91-9bb3-086af634028e","sourceToken":"809a70c4-60ea-4206-9145-63d2b5ac1cd4","buildName":"projects/72980058633/locations/us-central1/builds/f31b27c3-e838-4a91-9bb3-086af634028e"}}
[debug] [2026-09-09T18:53:14.729Z] Got source token 809a70c4-60ea-4206-9145-63d2b5ac1cd4 for region us-central1
[debug] [2026-09-09T18:53:14.780Z] <<< [apiv2][status] GET https://cloudfunctions.googleapis.com/v1/operations/b25saW5lcHJpbnQ0dS1hNTQ2OC91cy1jZW50cmFsMS9vbk9yZGVyQ3JlYXRlZC9RQVN6ckpqMV85UQ 200
[debug] [2026-09-09T18:53:14.781Z] <<< [apiv2][body] GET https://cloudfunctions.googleapis.com/v1/operations/b25saW5lcHJpbnQ0dS1hNTQ2OC91cy1jZW50cmFsMS9vbk9yZGVyQ3JlYXRlZC9RQVN6ckpqMV85UQ {"name":"operations/b25saW5lcHJpbnQ0dS1hNTQ2OC91cy1jZW50cmFsMS9vbk9yZGVyQ3JlYXRlZC9RQVN6ckpqMV85UQ","metadata":{"@type":"type.googleapis.com/google.cloud.functions.v1.OperationMetadataV1","target":"projects/onlineprint4u-a5468/locations/us-central1/functions/onOrderCreated","type":"UPDATE_FUNCTION","request":{"@type":"type.googleapis.com/google.cloud.functions.v1.CloudFunction","name":"projects/onlineprint4u-a5468/locations/us-central1/functions/onOrderCreated","eventTrigger":{"eventType":"providers/cloud.firestore/eventTypes/document.create","resource":"projects/onlineprint4u-a5468/databases/(default)/documents/orders/{orderId}","service":"firestore.googleapis.com"},"status":"OFFLINE","entryPoint":"onOrderCreated","updateTime":"2026-09-09T18:27:12.447Z","versionId":"1","labels":{"deployment-tool":"cli-firebase","firebase-functions-hash":"9b4d57361c722378ef978765ec91b3f3428b8a77"},"sourceUploadUrl":"https://storage.googleapis.com/uploads-824660725501.us-central1.cloudfunctions.appspot.com/de28b46c-1def-4168-8290-e7bca74c624a.zip?GoogleAccessId=service-72980058633@gcf-admin-robot.iam.gserviceaccount.com&Expires=1788981722&Signature=tAqVNEpqm8LXlQEuk%2BtGKMMFa2K6H3e9q1Aq30k7373ULotwPaVcSc3NFyJkQiVFBQEv3nvySrftw60kB3UzxLUrQ0bOvB7M0utIqsnKLonz9VJ27SDW6hoLgR6P1VJw1UgLrEfu2Z%2FnBeYgq%2F1YW9aNRtFqaDzrYSTlJEN4DrSw1VoRqjVnkXZJ6aHI%2F7LZNMb3kNsAKB2D%2FOrGTgXO3MtuWrTRq6kqqSStFu2t0ohI90hUQDf6hq%2BgW9nE%2FbS3YrsmI3EbPYLjBOEmh%2BBYx3PZ8csvJmkMJbztNTcpn9a5%2F7%2FWjhx4rNw9kCGT5a15g4J%2BkFc3YJPMzTgyGW3wTg%3D%3D","environmentVariables":{"FIREBASE_CONFIG":"{\"projectId\":\"onlineprint4u-a5468\",\"databaseURL\":\"https://onlineprint4u-a5468-default-rtdb.firebaseio.com\",\"storageBucket\":\"onlineprint4u-a5468.firebasestorage.app\"}","GCLOUD_PROJECT":"onlineprint4u-a5468","EVENTARC_CLOUD_EVENT_SOURCE":"projects/onlineprint4u-a5468/locations/us-central1/functions/onOrderCreated"},"runtime":"nodejs20","buildId":"b904138a-763f-45ed-9ce8-0c5453c3cf46","buildEnvironmentVariables":{"GOOGLE_NODE_RUN_SCRIPTS":""},"secretEnvironmentVariables":[{"key":"VITE_ZOHO_USER","projectId":"onlineprint4u-a5468","secret":"VITE_ZOHO_USER","version":"1"},{"key":"VITE_ZOHO_PASS","projectId":"onlineprint4u-a5468","secret":"VITE_ZOHO_PASS","version":"1"},{"key":"VITE_ZOHO_SMTP_HOST","projectId":"onlineprint4u-a5468","secret":"VITE_ZOHO_SMTP_HOST","version":"1"},{"key":"VITE_ZOHO_SMTP_PORT","projectId":"onlineprint4u-a5468","secret":"VITE_ZOHO_SMTP_PORT","version":"1"},{"key":"VITE_ZOHO_FROM","projectId":"onlineprint4u-a5468","secret":"VITE_ZOHO_FROM","version":"1"}],"sourceToken":"809a70c4-60ea-4206-9145-63d2b5ac1cd4","buildName":"projects/72980058633/locations/us-central1/builds/b904138a-763f-45ed-9ce8-0c5453c3cf46","dockerRegistry":"ARTIFACT_REGISTRY","automaticUpdatePolicy":{},"buildServiceAccount":"projects/onlineprint4u-a5468/serviceAccounts/72980058633-compute@developer.gserviceaccount.com"},"versionId":"2","updateTime":"2026-09-09T18:53:12Z","buildId":"f31b27c3-e838-4a91-9bb3-086af634028e","sourceToken":"809a70c4-60ea-4206-9145-63d2b5ac1cd4","buildName":"projects/72980058633/locations/us-central1/builds/f31b27c3-e838-4a91-9bb3-086af634028e"}}
[debug] [2026-09-09T18:53:14.782Z] Got source token 809a70c4-60ea-4206-9145-63d2b5ac1cd4 for region us-central1
[debug] [2026-09-09T18:53:15.785Z] [update-default-us-central1-onOrderCreated] Retrying task index 0
[debug] [2026-09-09T18:53:15.786Z] Checked if tokens are valid: true, expires at: 1788982786771
[debug] [2026-09-09T18:53:15.786Z] Checked if tokens are valid: true, expires at: 1788982786771
[debug] [2026-09-09T18:53:15.787Z] >>> [apiv2][query] GET https://cloudfunctions.googleapis.com/v1/operations/b25saW5lcHJpbnQ0dS1hNTQ2OC91cy1jZW50cmFsMS9vbk9yZGVyQ3JlYXRlZC9RQVN6ckpqMV85UQ [none]
[debug] [2026-09-09T18:53:16.422Z] [update-default-us-central1-verifyOtp] Retrying task index 0
[debug] [2026-09-09T18:53:16.423Z] Checked if tokens are valid: true, expires at: 1788982786771
[debug] [2026-09-09T18:53:16.423Z] Checked if tokens are valid: true, expires at: 1788982786771
[debug] [2026-09-09T18:53:16.423Z] >>> [apiv2][query] GET https://cloudfunctions.googleapis.com/v1/operations/b25saW5lcHJpbnQ0dS1hNTQ2OC91cy1jZW50cmFsMS92ZXJpZnlPdHAvd0hyTldIZk0zVm8 [none]
[debug] [2026-09-09T18:53:16.477Z] <<< [apiv2][status] GET https://cloudfunctions.googleapis.com/v1/operations/b25saW5lcHJpbnQ0dS1hNTQ2OC91cy1jZW50cmFsMS9vbk9yZGVyQ3JlYXRlZC9RQVN6ckpqMV85UQ 200
[debug] [2026-09-09T18:53:16.478Z] <<< [apiv2][body] GET https://cloudfunctions.googleapis.com/v1/operations/b25saW5lcHJpbnQ0dS1hNTQ2OC91cy1jZW50cmFsMS9vbk9yZGVyQ3JlYXRlZC9RQVN6ckpqMV85UQ {"name":"operations/b25saW5lcHJpbnQ0dS1hNTQ2OC91cy1jZW50cmFsMS9vbk9yZGVyQ3JlYXRlZC9RQVN6ckpqMV85UQ","metadata":{"@type":"type.googleapis.com/google.cloud.functions.v1.OperationMetadataV1","target":"projects/onlineprint4u-a5468/locations/us-central1/functions/onOrderCreated","type":"UPDATE_FUNCTION","request":{"@type":"type.googleapis.com/google.cloud.functions.v1.CloudFunction","name":"projects/onlineprint4u-a5468/locations/us-central1/functions/onOrderCreated","eventTrigger":{"eventType":"providers/cloud.firestore/eventTypes/document.create","resource":"projects/onlineprint4u-a5468/databases/(default)/documents/orders/{orderId}","service":"firestore.googleapis.com"},"status":"OFFLINE","entryPoint":"onOrderCreated","updateTime":"2026-09-09T18:27:12.447Z","versionId":"1","labels":{"deployment-tool":"cli-firebase","firebase-functions-hash":"9b4d57361c722378ef978765ec91b3f3428b8a77"},"sourceUploadUrl":"https://storage.googleapis.com/uploads-824660725501.us-central1.cloudfunctions.appspot.com/de28b46c-1def-4168-8290-e7bca74c624a.zip?GoogleAccessId=service-72980058633@gcf-admin-robot.iam.gserviceaccount.com&Expires=1788981722&Signature=tAqVNEpqm8LXlQEuk%2BtGKMMFa2K6H3e9q1Aq30k7373ULotwPaVcSc3NFyJkQiVFBQEv3nvySrftw60kB3UzxLUrQ0bOvB7M0utIqsnKLonz9VJ27SDW6hoLgR6P1VJw1UgLrEfu2Z%2FnBeYgq%2F1YW9aNRtFqaDzrYSTlJEN4DrSw1VoRqjVnkXZJ6aHI%2F7LZNMb3kNsAKB2D%2FOrGTgXO3MtuWrTRq6kqqSStFu2t0ohI90hUQDf6hq%2BgW9nE%2FbS3YrsmI3EbPYLjBOEmh%2BBYx3PZ8csvJmkMJbztNTcpn9a5%2F7%2FWjhx4rNw9kCGT5a15g4J%2BkFc3YJPMzTgyGW3wTg%3D%3D","environmentVariables":{"FIREBASE_CONFIG":"{\"projectId\":\"onlineprint4u-a5468\",\"databaseURL\":\"https://onlineprint4u-a5468-default-rtdb.firebaseio.com\",\"storageBucket\":\"onlineprint4u-a5468.firebasestorage.app\"}","GCLOUD_PROJECT":"onlineprint4u-a5468","EVENTARC_CLOUD_EVENT_SOURCE":"projects/onlineprint4u-a5468/locations/us-central1/functions/onOrderCreated"},"runtime":"nodejs20","buildId":"b904138a-763f-45ed-9ce8-0c5453c3cf46","buildEnvironmentVariables":{"GOOGLE_NODE_RUN_SCRIPTS":""},"secretEnvironmentVariables":[{"key":"VITE_ZOHO_USER","projectId":"onlineprint4u-a5468","secret":"VITE_ZOHO_USER","version":"1"},{"key":"VITE_ZOHO_PASS","projectId":"onlineprint4u-a5468","secret":"VITE_ZOHO_PASS","version":"1"},{"key":"VITE_ZOHO_SMTP_HOST","projectId":"onlineprint4u-a5468","secret":"VITE_ZOHO_SMTP_HOST","version":"1"},{"key":"VITE_ZOHO_SMTP_PORT","projectId":"onlineprint4u-a5468","secret":"VITE_ZOHO_SMTP_PORT","version":"1"},{"key":"VITE_ZOHO_FROM","projectId":"onlineprint4u-a5468","secret":"VITE_ZOHO_FROM","version":"1"}],"sourceToken":"809a70c4-60ea-4206-9145-63d2b5ac1cd4","buildName":"projects/72980058633/locations/us-central1/builds/b904138a-763f-45ed-9ce8-0c5453c3cf46","dockerRegistry":"ARTIFACT_REGISTRY","automaticUpdatePolicy":{},"buildServiceAccount":"projects/onlineprint4u-a5468/serviceAccounts/72980058633-compute@developer.gserviceaccount.com"},"versionId":"2","updateTime":"2026-09-09T18:53:12Z","buildId":"f31b27c3-e838-4a91-9bb3-086af634028e","sourceToken":"809a70c4-60ea-4206-9145-63d2b5ac1cd4","buildName":"projects/72980058633/locations/us-central1/builds/f31b27c3-e838-4a91-9bb3-086af634028e"}}
[debug] [2026-09-09T18:53:16.478Z] Got source token 809a70c4-60ea-4206-9145-63d2b5ac1cd4 for region us-central1
[debug] [2026-09-09T18:53:16.739Z] [update-default-us-central1-sendPasswordReset] Retrying task index 0
[debug] [2026-09-09T18:53:16.740Z] Checked if tokens are valid: true, expires at: 1788982786771
[debug] [2026-09-09T18:53:16.740Z] Checked if tokens are valid: true, expires at: 1788982786771
[debug] [2026-09-09T18:53:16.740Z] >>> [apiv2][query] GET https://cloudfunctions.googleapis.com/v1/operations/b25saW5lcHJpbnQ0dS1hNTQ2OC91cy1jZW50cmFsMS9zZW5kUGFzc3dvcmRSZXNldC9DRDJRN29BMlY2OA [none]
[debug] [2026-09-09T18:53:16.917Z] <<< [apiv2][status] GET https://cloudfunctions.googleapis.com/v1/operations/b25saW5lcHJpbnQ0dS1hNTQ2OC91cy1jZW50cmFsMS92ZXJpZnlPdHAvd0hyTldIZk0zVm8 200
[debug] [2026-09-09T18:53:16.918Z] <<< [apiv2][body] GET https://cloudfunctions.googleapis.com/v1/operations/b25saW5lcHJpbnQ0dS1hNTQ2OC91cy1jZW50cmFsMS92ZXJpZnlPdHAvd0hyTldIZk0zVm8 {"name":"operations/b25saW5lcHJpbnQ0dS1hNTQ2OC91cy1jZW50cmFsMS92ZXJpZnlPdHAvd0hyTldIZk0zVm8","metadata":{"@type":"type.googleapis.com/google.cloud.functions.v1.OperationMetadataV1","target":"projects/onlineprint4u-a5468/locations/us-central1/functions/verifyOtp","type":"UPDATE_FUNCTION","request":{"@type":"type.googleapis.com/google.cloud.functions.v1.CloudFunction","name":"projects/onlineprint4u-a5468/locations/us-central1/functions/verifyOtp","httpsTrigger":{"url":"https://us-central1-onlineprint4u-a5468.cloudfunctions.net/verifyOtp","securityLevel":"SECURE_ALWAYS"},"status":"OFFLINE","entryPoint":"verifyOtp","updateTime":"2026-09-09T18:27:15.828Z","versionId":"1","labels":{"deployment-tool":"cli-firebase","deployment-callable":"true","firebase-functions-hash":"9b4d57361c722378ef978765ec91b3f3428b8a77"},"sourceUploadUrl":"https://storage.googleapis.com/uploads-824660725501.us-central1.cloudfunctions.appspot.com/de28b46c-1def-4168-8290-e7bca74c624a.zip?GoogleAccessId=service-72980058633@gcf-admin-robot.iam.gserviceaccount.com&Expires=1788981722&Signature=tAqVNEpqm8LXlQEuk%2BtGKMMFa2K6H3e9q1Aq30k7373ULotwPaVcSc3NFyJkQiVFBQEv3nvySrftw60kB3UzxLUrQ0bOvB7M0utIqsnKLonz9VJ27SDW6hoLgR6P1VJw1UgLrEfu2Z%2FnBeYgq%2F1YW9aNRtFqaDzrYSTlJEN4DrSw1VoRqjVnkXZJ6aHI%2F7LZNMb3kNsAKB2D%2FOrGTgXO3MtuWrTRq6kqqSStFu2t0ohI90hUQDf6hq%2BgW9nE%2FbS3YrsmI3EbPYLjBOEmh%2BBYx3PZ8csvJmkMJbztNTcpn9a5%2F7%2FWjhx4rNw9kCGT5a15g4J%2BkFc3YJPMzTgyGW3wTg%3D%3D","environmentVariables":{"FIREBASE_CONFIG":"{\"projectId\":\"onlineprint4u-a5468\",\"databaseURL\":\"https://onlineprint4u-a5468-default-rtdb.firebaseio.com\",\"storageBucket\":\"onlineprint4u-a5468.firebasestorage.app\"}","GCLOUD_PROJECT":"onlineprint4u-a5468","EVENTARC_CLOUD_EVENT_SOURCE":"projects/onlineprint4u-a5468/locations/us-central1/functions/verifyOtp"},"runtime":"nodejs20","buildId":"31f7f0d1-bd75-43e1-a36b-728f47e504cc","buildEnvironmentVariables":{"GOOGLE_NODE_RUN_SCRIPTS":""},"secretEnvironmentVariables":[{"key":"VITE_ZOHO_USER","projectId":"onlineprint4u-a5468","secret":"VITE_ZOHO_USER","version":"1"},{"key":"VITE_ZOHO_PASS","projectId":"onlineprint4u-a5468","secret":"VITE_ZOHO_PASS","version":"1"},{"key":"VITE_ZOHO_SMTP_HOST","projectId":"onlineprint4u-a5468","secret":"VITE_ZOHO_SMTP_HOST","version":"1"},{"key":"VITE_ZOHO_SMTP_PORT","projectId":"onlineprint4u-a5468","secret":"VITE_ZOHO_SMTP_PORT","version":"1"},{"key":"VITE_ZOHO_FROM","projectId":"onlineprint4u-a5468","secret":"VITE_ZOHO_FROM","version":"1"}],"sourceToken":"809a70c4-60ea-4206-9145-63d2b5ac1cd4","buildName":"projects/72980058633/locations/us-central1/builds/31f7f0d1-bd75-43e1-a36b-728f47e504cc","dockerRegistry":"ARTIFACT_REGISTRY","automaticUpdatePolicy":{},"buildServiceAccount":"projects/onlineprint4u-a5468/serviceAccounts/72980058633-compute@developer.gserviceaccount.com"},"versionId":"2","updateTime":"2026-09-09T18:53:11Z","buildId":"f31b27c3-e838-4a91-9bb3-086af634028e","sourceToken":"809a70c4-60ea-4206-9145-63d2b5ac1cd4","buildName":"projects/72980058633/locations/us-central1/builds/f31b27c3-e838-4a91-9bb3-086af634028e"}}
[debug] [2026-09-09T18:53:16.918Z] Got source token 809a70c4-60ea-4206-9145-63d2b5ac1cd4 for region us-central1
[debug] [2026-09-09T18:53:17.189Z] <<< [apiv2][status] GET https://cloudfunctions.googleapis.com/v1/operations/b25saW5lcHJpbnQ0dS1hNTQ2OC91cy1jZW50cmFsMS9zZW5kUGFzc3dvcmRSZXNldC9DRDJRN29BMlY2OA 200
[debug] [2026-09-09T18:53:17.189Z] <<< [apiv2][body] GET https://cloudfunctions.googleapis.com/v1/operations/b25saW5lcHJpbnQ0dS1hNTQ2OC91cy1jZW50cmFsMS9zZW5kUGFzc3dvcmRSZXNldC9DRDJRN29BMlY2OA {"name":"operations/b25saW5lcHJpbnQ0dS1hNTQ2OC91cy1jZW50cmFsMS9zZW5kUGFzc3dvcmRSZXNldC9DRDJRN29BMlY2OA","metadata":{"@type":"type.googleapis.com/google.cloud.functions.v1.OperationMetadataV1","target":"projects/onlineprint4u-a5468/locations/us-central1/functions/sendPasswordReset","type":"UPDATE_FUNCTION","request":{"@type":"type.googleapis.com/google.cloud.functions.v1.CloudFunction","name":"projects/onlineprint4u-a5468/locations/us-central1/functions/sendPasswordReset","httpsTrigger":{"url":"https://us-central1-onlineprint4u-a5468.cloudfunctions.net/sendPasswordReset","securityLevel":"SECURE_ALWAYS"},"status":"OFFLINE","entryPoint":"sendPasswordReset","updateTime":"2026-09-09T18:27:12.983Z","versionId":"1","labels":{"deployment-tool":"cli-firebase","deployment-callable":"true","firebase-functions-hash":"9b4d57361c722378ef978765ec91b3f3428b8a77"},"sourceUploadUrl":"https://storage.googleapis.com/uploads-824660725501.us-central1.cloudfunctions.appspot.com/de28b46c-1def-4168-8290-e7bca74c624a.zip?GoogleAccessId=service-72980058633@gcf-admin-robot.iam.gserviceaccount.com&Expires=1788981722&Signature=tAqVNEpqm8LXlQEuk%2BtGKMMFa2K6H3e9q1Aq30k7373ULotwPaVcSc3NFyJkQiVFBQEv3nvySrftw60kB3UzxLUrQ0bOvB7M0utIqsnKLonz9VJ27SDW6hoLgR6P1VJw1UgLrEfu2Z%2FnBeYgq%2F1YW9aNRtFqaDzrYSTlJEN4DrSw1VoRqjVnkXZJ6aHI%2F7LZNMb3kNsAKB2D%2FOrGTgXO3MtuWrTRq6kqqSStFu2t0ohI90hUQDf6hq%2BgW9nE%2FbS3YrsmI3EbPYLjBOEmh%2BBYx3PZ8csvJmkMJbztNTcpn9a5%2F7%2FWjhx4rNw9kCGT5a15g4J%2BkFc3YJPMzTgyGW3wTg%3D%3D","environmentVariables":{"FIREBASE_CONFIG":"{\"projectId\":\"onlineprint4u-a5468\",\"databaseURL\":\"https://onlineprint4u-a5468-default-rtdb.firebaseio.com\",\"storageBucket\":\"onlineprint4u-a5468.firebasestorage.app\"}","GCLOUD_PROJECT":"onlineprint4u-a5468","EVENTARC_CLOUD_EVENT_SOURCE":"projects/onlineprint4u-a5468/locations/us-central1/functions/sendPasswordReset"},"runtime":"nodejs20","buildId":"2caf52e2-9ef5-4d50-b6de-d248346d3111","buildEnvironmentVariables":{"GOOGLE_NODE_RUN_SCRIPTS":""},"secretEnvironmentVariables":[{"key":"VITE_ZOHO_USER","projectId":"onlineprint4u-a5468","secret":"VITE_ZOHO_USER","version":"1"},{"key":"VITE_ZOHO_PASS","projectId":"onlineprint4u-a5468","secret":"VITE_ZOHO_PASS","version":"1"},{"key":"VITE_ZOHO_SMTP_HOST","projectId":"onlineprint4u-a5468","secret":"VITE_ZOHO_SMTP_HOST","version":"1"},{"key":"VITE_ZOHO_SMTP_PORT","projectId":"onlineprint4u-a5468","secret":"VITE_ZOHO_SMTP_PORT","version":"1"},{"key":"VITE_ZOHO_FROM","projectId":"onlineprint4u-a5468","secret":"VITE_ZOHO_FROM","version":"1"}],"sourceToken":"809a70c4-60ea-4206-9145-63d2b5ac1cd4","buildName":"projects/72980058633/locations/us-central1/builds/2caf52e2-9ef5-4d50-b6de-d248346d3111","dockerRegistry":"ARTIFACT_REGISTRY","automaticUpdatePolicy":{},"buildServiceAccount":"projects/onlineprint4u-a5468/serviceAccounts/72980058633-compute@developer.gserviceaccount.com"},"versionId":"2","updateTime":"2026-09-09T18:53:11Z","buildId":"f31b27c3-e838-4a91-9bb3-086af634028e","sourceToken":"809a70c4-60ea-4206-9145-63d2b5ac1cd4","buildName":"projects/72980058633/locations/us-central1/builds/f31b27c3-e838-4a91-9bb3-086af634028e"}}
[debug] [2026-09-09T18:53:17.190Z] Got source token 809a70c4-60ea-4206-9145-63d2b5ac1cd4 for region us-central1
[debug] [2026-09-09T18:53:18.490Z] [update-default-us-central1-onOrderCreated] Retrying task index 0
[debug] [2026-09-09T18:53:18.491Z] Checked if tokens are valid: true, expires at: 1788982786771
[debug] [2026-09-09T18:53:18.491Z] Checked if tokens are valid: true, expires at: 1788982786771
[debug] [2026-09-09T18:53:18.492Z] >>> [apiv2][query] GET https://cloudfunctions.googleapis.com/v1/operations/b25saW5lcHJpbnQ0dS1hNTQ2OC91cy1jZW50cmFsMS9vbk9yZGVyQ3JlYXRlZC9RQVN6ckpqMV85UQ [none]
[debug] [2026-09-09T18:53:19.154Z] <<< [apiv2][status] GET https://cloudfunctions.googleapis.com/v1/operations/b25saW5lcHJpbnQ0dS1hNTQ2OC91cy1jZW50cmFsMS9vbk9yZGVyQ3JlYXRlZC9RQVN6ckpqMV85UQ 200
[debug] [2026-09-09T18:53:19.154Z] <<< [apiv2][body] GET https://cloudfunctions.googleapis.com/v1/operations/b25saW5lcHJpbnQ0dS1hNTQ2OC91cy1jZW50cmFsMS9vbk9yZGVyQ3JlYXRlZC9RQVN6ckpqMV85UQ {"name":"operations/b25saW5lcHJpbnQ0dS1hNTQ2OC91cy1jZW50cmFsMS9vbk9yZGVyQ3JlYXRlZC9RQVN6ckpqMV85UQ","metadata":{"@type":"type.googleapis.com/google.cloud.functions.v1.OperationMetadataV1","target":"projects/onlineprint4u-a5468/locations/us-central1/functions/onOrderCreated","type":"UPDATE_FUNCTION","request":{"@type":"type.googleapis.com/google.cloud.functions.v1.CloudFunction","name":"projects/onlineprint4u-a5468/locations/us-central1/functions/onOrderCreated","eventTrigger":{"eventType":"providers/cloud.firestore/eventTypes/document.create","resource":"projects/onlineprint4u-a5468/databases/(default)/documents/orders/{orderId}","service":"firestore.googleapis.com"},"status":"OFFLINE","entryPoint":"onOrderCreated","updateTime":"2026-09-09T18:27:12.447Z","versionId":"1","labels":{"deployment-tool":"cli-firebase","firebase-functions-hash":"9b4d57361c722378ef978765ec91b3f3428b8a77"},"sourceUploadUrl":"https://storage.googleapis.com/uploads-824660725501.us-central1.cloudfunctions.appspot.com/de28b46c-1def-4168-8290-e7bca74c624a.zip?GoogleAccessId=service-72980058633@gcf-admin-robot.iam.gserviceaccount.com&Expires=1788981722&Signature=tAqVNEpqm8LXlQEuk%2BtGKMMFa2K6H3e9q1Aq30k7373ULotwPaVcSc3NFyJkQiVFBQEv3nvySrftw60kB3UzxLUrQ0bOvB7M0utIqsnKLonz9VJ27SDW6hoLgR6P1VJw1UgLrEfu2Z%2FnBeYgq%2F1YW9aNRtFqaDzrYSTlJEN4DrSw1VoRqjVnkXZJ6aHI%2F7LZNMb3kNsAKB2D%2FOrGTgXO3MtuWrTRq6kqqSStFu2t0ohI90hUQDf6hq%2BgW9nE%2FbS3YrsmI3EbPYLjBOEmh%2BBYx3PZ8csvJmkMJbztNTcpn9a5%2F7%2FWjhx4rNw9kCGT5a15g4J%2BkFc3YJPMzTgyGW3wTg%3D%3D","environmentVariables":{"FIREBASE_CONFIG":"{\"projectId\":\"onlineprint4u-a5468\",\"databaseURL\":\"https://onlineprint4u-a5468-default-rtdb.firebaseio.com\",\"storageBucket\":\"onlineprint4u-a5468.firebasestorage.app\"}","GCLOUD_PROJECT":"onlineprint4u-a5468","EVENTARC_CLOUD_EVENT_SOURCE":"projects/onlineprint4u-a5468/locations/us-central1/functions/onOrderCreated"},"runtime":"nodejs20","buildId":"b904138a-763f-45ed-9ce8-0c5453c3cf46","buildEnvironmentVariables":{"GOOGLE_NODE_RUN_SCRIPTS":""},"secretEnvironmentVariables":[{"key":"VITE_ZOHO_USER","projectId":"onlineprint4u-a5468","secret":"VITE_ZOHO_USER","version":"1"},{"key":"VITE_ZOHO_PASS","projectId":"onlineprint4u-a5468","secret":"VITE_ZOHO_PASS","version":"1"},{"key":"VITE_ZOHO_SMTP_HOST","projectId":"onlineprint4u-a5468","secret":"VITE_ZOHO_SMTP_HOST","version":"1"},{"key":"VITE_ZOHO_SMTP_PORT","projectId":"onlineprint4u-a5468","secret":"VITE_ZOHO_SMTP_PORT","version":"1"},{"key":"VITE_ZOHO_FROM","projectId":"onlineprint4u-a5468","secret":"VITE_ZOHO_FROM","version":"1"}],"sourceToken":"809a70c4-60ea-4206-9145-63d2b5ac1cd4","buildName":"projects/72980058633/locations/us-central1/builds/b904138a-763f-45ed-9ce8-0c5453c3cf46","dockerRegistry":"ARTIFACT_REGISTRY","automaticUpdatePolicy":{},"buildServiceAccount":"projects/onlineprint4u-a5468/serviceAccounts/72980058633-compute@developer.gserviceaccount.com"},"versionId":"2","updateTime":"2026-09-09T18:53:12Z","buildId":"f31b27c3-e838-4a91-9bb3-086af634028e","sourceToken":"809a70c4-60ea-4206-9145-63d2b5ac1cd4","buildName":"projects/72980058633/locations/us-central1/builds/f31b27c3-e838-4a91-9bb3-086af634028e"}}
[debug] [2026-09-09T18:53:19.154Z] Got source token 809a70c4-60ea-4206-9145-63d2b5ac1cd4 for region us-central1
[debug] [2026-09-09T18:53:20.370Z] [update-default-us-central1-sendOtp] Retrying task index 0
[debug] [2026-09-09T18:53:20.371Z] Checked if tokens are valid: true, expires at: 1788982786771
[debug] [2026-09-09T18:53:20.371Z] Checked if tokens are valid: true, expires at: 1788982786771
[debug] [2026-09-09T18:53:20.371Z] >>> [apiv2][query] GET https://cloudfunctions.googleapis.com/v1/operations/b25saW5lcHJpbnQ0dS1hNTQ2OC91cy1jZW50cmFsMS9zZW5kT3RwLzBwNU8zd1FmaDhV [none]
[debug] [2026-09-09T18:53:20.917Z] <<< [apiv2][status] GET https://cloudfunctions.googleapis.com/v1/operations/b25saW5lcHJpbnQ0dS1hNTQ2OC91cy1jZW50cmFsMS9zZW5kT3RwLzBwNU8zd1FmaDhV 200
[debug] [2026-09-09T18:53:20.917Z] <<< [apiv2][body] GET https://cloudfunctions.googleapis.com/v1/operations/b25saW5lcHJpbnQ0dS1hNTQ2OC91cy1jZW50cmFsMS9zZW5kT3RwLzBwNU8zd1FmaDhV {"name":"operations/b25saW5lcHJpbnQ0dS1hNTQ2OC91cy1jZW50cmFsMS9zZW5kT3RwLzBwNU8zd1FmaDhV","metadata":{"@type":"type.googleapis.com/google.cloud.functions.v1.OperationMetadataV1","target":"projects/onlineprint4u-a5468/locations/us-central1/functions/sendOtp","type":"UPDATE_FUNCTION","request":{"@type":"type.googleapis.com/google.cloud.functions.v1.CloudFunction","name":"projects/onlineprint4u-a5468/locations/us-central1/functions/sendOtp","httpsTrigger":{"url":"https://us-central1-onlineprint4u-a5468.cloudfunctions.net/sendOtp","securityLevel":"SECURE_ALWAYS"},"status":"OFFLINE","entryPoint":"sendOtp","updateTime":"2026-09-09T18:26:28.355Z","versionId":"1","labels":{"deployment-tool":"cli-firebase","firebase-functions-hash":"9b4d57361c722378ef978765ec91b3f3428b8a77"},"sourceUploadUrl":"https://storage.googleapis.com/uploads-824660725501.us-central1.cloudfunctions.appspot.com/de28b46c-1def-4168-8290-e7bca74c624a.zip?GoogleAccessId=service-72980058633@gcf-admin-robot.iam.gserviceaccount.com&Expires=1788981722&Signature=tAqVNEpqm8LXlQEuk%2BtGKMMFa2K6H3e9q1Aq30k7373ULotwPaVcSc3NFyJkQiVFBQEv3nvySrftw60kB3UzxLUrQ0bOvB7M0utIqsnKLonz9VJ27SDW6hoLgR6P1VJw1UgLrEfu2Z%2FnBeYgq%2F1YW9aNRtFqaDzrYSTlJEN4DrSw1VoRqjVnkXZJ6aHI%2F7LZNMb3kNsAKB2D%2FOrGTgXO3MtuWrTRq6kqqSStFu2t0ohI90hUQDf6hq%2BgW9nE%2FbS3YrsmI3EbPYLjBOEmh%2BBYx3PZ8csvJmkMJbztNTcpn9a5%2F7%2FWjhx4rNw9kCGT5a15g4J%2BkFc3YJPMzTgyGW3wTg%3D%3D","environmentVariables":{"FIREBASE_CONFIG":"{\"projectId\":\"onlineprint4u-a5468\",\"databaseURL\":\"https://onlineprint4u-a5468-default-rtdb.firebaseio.com\",\"storageBucket\":\"onlineprint4u-a5468.firebasestorage.app\"}","GCLOUD_PROJECT":"onlineprint4u-a5468","EVENTARC_CLOUD_EVENT_SOURCE":"projects/onlineprint4u-a5468/locations/us-central1/functions/sendOtp"},"runtime":"nodejs20","buildId":"239ce2a7-6d1f-4af3-ba6d-64fa8b0e6858","buildEnvironmentVariables":{"GOOGLE_NODE_RUN_SCRIPTS":""},"secretEnvironmentVariables":[{"key":"VITE_ZOHO_USER","projectId":"onlineprint4u-a5468","secret":"VITE_ZOHO_USER","version":"1"},{"key":"VITE_ZOHO_PASS","projectId":"onlineprint4u-a5468","secret":"VITE_ZOHO_PASS","version":"1"},{"key":"VITE_ZOHO_SMTP_HOST","projectId":"onlineprint4u-a5468","secret":"VITE_ZOHO_SMTP_HOST","version":"1"},{"key":"VITE_ZOHO_SMTP_PORT","projectId":"onlineprint4u-a5468","secret":"VITE_ZOHO_SMTP_PORT","version":"1"},{"key":"VITE_ZOHO_FROM","projectId":"onlineprint4u-a5468","secret":"VITE_ZOHO_FROM","version":"1"}],"buildName":"projects/72980058633/locations/us-central1/builds/239ce2a7-6d1f-4af3-ba6d-64fa8b0e6858","dockerRegistry":"ARTIFACT_REGISTRY","automaticUpdatePolicy":{},"buildServiceAccount":"projects/onlineprint4u-a5468/serviceAccounts/72980058633-compute@developer.gserviceaccount.com"},"versionId":"2","updateTime":"2026-09-09T18:52:08Z","buildId":"f31b27c3-e838-4a91-9bb3-086af634028e","sourceToken":"809a70c4-60ea-4206-9145-63d2b5ac1cd4","buildName":"projects/72980058633/locations/us-central1/builds/f31b27c3-e838-4a91-9bb3-086af634028e"}}
[debug] [2026-09-09T18:53:20.917Z] Got source token 809a70c4-60ea-4206-9145-63d2b5ac1cd4 for region us-central1
[debug] [2026-09-09T18:53:20.926Z] [update-default-us-central1-verifyOtp] Retrying task index 0
[debug] [2026-09-09T18:53:20.927Z] Checked if tokens are valid: true, expires at: 1788982786771
[debug] [2026-09-09T18:53:20.927Z] Checked if tokens are valid: true, expires at: 1788982786771
[debug] [2026-09-09T18:53:20.927Z] >>> [apiv2][query] GET https://cloudfunctions.googleapis.com/v1/operations/b25saW5lcHJpbnQ0dS1hNTQ2OC91cy1jZW50cmFsMS92ZXJpZnlPdHAvd0hyTldIZk0zVm8 [none]
[debug] [2026-09-09T18:53:21.197Z] [update-default-us-central1-sendPasswordReset] Retrying task index 0
[debug] [2026-09-09T18:53:21.198Z] Checked if tokens are valid: true, expires at: 1788982786771
[debug] [2026-09-09T18:53:21.198Z] Checked if tokens are valid: true, expires at: 1788982786771
[debug] [2026-09-09T18:53:21.199Z] >>> [apiv2][query] GET https://cloudfunctions.googleapis.com/v1/operations/b25saW5lcHJpbnQ0dS1hNTQ2OC91cy1jZW50cmFsMS9zZW5kUGFzc3dvcmRSZXNldC9DRDJRN29BMlY2OA [none]
[debug] [2026-09-09T18:53:21.448Z] <<< [apiv2][status] GET https://cloudfunctions.googleapis.com/v1/operations/b25saW5lcHJpbnQ0dS1hNTQ2OC91cy1jZW50cmFsMS92ZXJpZnlPdHAvd0hyTldIZk0zVm8 200
[debug] [2026-09-09T18:53:21.449Z] <<< [apiv2][body] GET https://cloudfunctions.googleapis.com/v1/operations/b25saW5lcHJpbnQ0dS1hNTQ2OC91cy1jZW50cmFsMS92ZXJpZnlPdHAvd0hyTldIZk0zVm8 {"name":"operations/b25saW5lcHJpbnQ0dS1hNTQ2OC91cy1jZW50cmFsMS92ZXJpZnlPdHAvd0hyTldIZk0zVm8","metadata":{"@type":"type.googleapis.com/google.cloud.functions.v1.OperationMetadataV1","target":"projects/onlineprint4u-a5468/locations/us-central1/functions/verifyOtp","type":"UPDATE_FUNCTION","request":{"@type":"type.googleapis.com/google.cloud.functions.v1.CloudFunction","name":"projects/onlineprint4u-a5468/locations/us-central1/functions/verifyOtp","httpsTrigger":{"url":"https://us-central1-onlineprint4u-a5468.cloudfunctions.net/verifyOtp","securityLevel":"SECURE_ALWAYS"},"status":"OFFLINE","entryPoint":"verifyOtp","updateTime":"2026-09-09T18:27:15.828Z","versionId":"1","labels":{"deployment-tool":"cli-firebase","deployment-callable":"true","firebase-functions-hash":"9b4d57361c722378ef978765ec91b3f3428b8a77"},"sourceUploadUrl":"https://storage.googleapis.com/uploads-824660725501.us-central1.cloudfunctions.appspot.com/de28b46c-1def-4168-8290-e7bca74c624a.zip?GoogleAccessId=service-72980058633@gcf-admin-robot.iam.gserviceaccount.com&Expires=1788981722&Signature=tAqVNEpqm8LXlQEuk%2BtGKMMFa2K6H3e9q1Aq30k7373ULotwPaVcSc3NFyJkQiVFBQEv3nvySrftw60kB3UzxLUrQ0bOvB7M0utIqsnKLonz9VJ27SDW6hoLgR6P1VJw1UgLrEfu2Z%2FnBeYgq%2F1YW9aNRtFqaDzrYSTlJEN4DrSw1VoRqjVnkXZJ6aHI%2F7LZNMb3kNsAKB2D%2FOrGTgXO3MtuWrTRq6kqqSStFu2t0ohI90hUQDf6hq%2BgW9nE%2FbS3YrsmI3EbPYLjBOEmh%2BBYx3PZ8csvJmkMJbztNTcpn9a5%2F7%2FWjhx4rNw9kCGT5a15g4J%2BkFc3YJPMzTgyGW3wTg%3D%3D","environmentVariables":{"FIREBASE_CONFIG":"{\"projectId\":\"onlineprint4u-a5468\",\"databaseURL\":\"https://onlineprint4u-a5468-default-rtdb.firebaseio.com\",\"storageBucket\":\"onlineprint4u-a5468.firebasestorage.app\"}","GCLOUD_PROJECT":"onlineprint4u-a5468","EVENTARC_CLOUD_EVENT_SOURCE":"projects/onlineprint4u-a5468/locations/us-central1/functions/verifyOtp"},"runtime":"nodejs20","buildId":"31f7f0d1-bd75-43e1-a36b-728f47e504cc","buildEnvironmentVariables":{"GOOGLE_NODE_RUN_SCRIPTS":""},"secretEnvironmentVariables":[{"key":"VITE_ZOHO_USER","projectId":"onlineprint4u-a5468","secret":"VITE_ZOHO_USER","version":"1"},{"key":"VITE_ZOHO_PASS","projectId":"onlineprint4u-a5468","secret":"VITE_ZOHO_PASS","version":"1"},{"key":"VITE_ZOHO_SMTP_HOST","projectId":"onlineprint4u-a5468","secret":"VITE_ZOHO_SMTP_HOST","version":"1"},{"key":"VITE_ZOHO_SMTP_PORT","projectId":"onlineprint4u-a5468","secret":"VITE_ZOHO_SMTP_PORT","version":"1"},{"key":"VITE_ZOHO_FROM","projectId":"onlineprint4u-a5468","secret":"VITE_ZOHO_FROM","version":"1"}],"sourceToken":"809a70c4-60ea-4206-9145-63d2b5ac1cd4","buildName":"projects/72980058633/locations/us-central1/builds/31f7f0d1-bd75-43e1-a36b-728f47e504cc","dockerRegistry":"ARTIFACT_REGISTRY","automaticUpdatePolicy":{},"buildServiceAccount":"projects/onlineprint4u-a5468/serviceAccounts/72980058633-compute@developer.gserviceaccount.com"},"versionId":"2","updateTime":"2026-09-09T18:53:18Z","buildId":"f31b27c3-e838-4a91-9bb3-086af634028e","sourceToken":"809a70c4-60ea-4206-9145-63d2b5ac1cd4","buildName":"projects/72980058633/locations/us-central1/builds/f31b27c3-e838-4a91-9bb3-086af634028e"},"done":true,"response":{"@type":"type.googleapis.com/google.cloud.functions.v1.CloudFunction","name":"projects/onlineprint4u-a5468/locations/us-central1/functions/verifyOtp","httpsTrigger":{"url":"https://us-central1-onlineprint4u-a5468.cloudfunctions.net/verifyOtp","securityLevel":"SECURE_ALWAYS"},"status":"ACTIVE","entryPoint":"verifyOtp","timeout":"60s","availableMemoryMb":256,"serviceAccountEmail":"onlineprint4u-a5468@appspot.gserviceaccount.com","updateTime":"2026-09-09T18:53:18.506Z","versionId":"2","labels":{"deployment-tool":"cli-firebase","deployment-callable":"true","firebase-functions-hash":"9b4d57361c722378ef978765ec91b3f3428b8a77"},"sourceUploadUrl":"https://storage.googleapis.com/uploads-824660725501.us-central1.cloudfunctions.appspot.com/de28b46c-1def-4168-8290-e7bca74c624a.zip","environmentVariables":{"FIREBASE_CONFIG":"{\"projectId\":\"onlineprint4u-a5468\",\"databaseURL\":\"https://onlineprint4u-a5468-default-rtdb.firebaseio.com\",\"storageBucket\":\"onlineprint4u-a5468.firebasestorage.app\"}","GCLOUD_PROJECT":"onlineprint4u-a5468","EVENTARC_CLOUD_EVENT_SOURCE":"projects/onlineprint4u-a5468/locations/us-central1/functions/verifyOtp"},"runtime":"nodejs20","ingressSettings":"ALLOW_ALL","buildId":"f31b27c3-e838-4a91-9bb3-086af634028e","buildEnvironmentVariables":{"GOOGLE_NODE_RUN_SCRIPTS":""},"secretEnvironmentVariables":[{"key":"VITE_ZOHO_USER","projectId":"72980058633","secret":"VITE_ZOHO_USER","version":"1"},{"key":"VITE_ZOHO_PASS","projectId":"72980058633","secret":"VITE_ZOHO_PASS","version":"1"},{"key":"VITE_ZOHO_SMTP_HOST","projectId":"72980058633","secret":"VITE_ZOHO_SMTP_HOST","version":"1"},{"key":"VITE_ZOHO_SMTP_PORT","projectId":"72980058633","secret":"VITE_ZOHO_SMTP_PORT","version":"1"},{"key":"VITE_ZOHO_FROM","projectId":"72980058633","secret":"VITE_ZOHO_FROM","version":"1"}],"buildName":"projects/72980058633/locations/us-central1/builds/f31b27c3-e838-4a91-9bb3-086af634028e","dockerRegistry":"ARTIFACT_REGISTRY","automaticUpdatePolicy":{},"buildServiceAccount":"projects/onlineprint4u-a5468/serviceAccounts/72980058633-compute@developer.gserviceaccount.com"}}
[debug] [2026-09-09T18:53:21.449Z] Got source token 809a70c4-60ea-4206-9145-63d2b5ac1cd4 for region us-central1
[info] +  functions[verifyOtp(us-central1)] Successful update operation. 
[debug] [2026-09-09T18:53:22.045Z] <<< [apiv2][status] GET https://cloudfunctions.googleapis.com/v1/operations/b25saW5lcHJpbnQ0dS1hNTQ2OC91cy1jZW50cmFsMS9zZW5kUGFzc3dvcmRSZXNldC9DRDJRN29BMlY2OA 200
[debug] [2026-09-09T18:53:22.045Z] <<< [apiv2][body] GET https://cloudfunctions.googleapis.com/v1/operations/b25saW5lcHJpbnQ0dS1hNTQ2OC91cy1jZW50cmFsMS9zZW5kUGFzc3dvcmRSZXNldC9DRDJRN29BMlY2OA {"name":"operations/b25saW5lcHJpbnQ0dS1hNTQ2OC91cy1jZW50cmFsMS9zZW5kUGFzc3dvcmRSZXNldC9DRDJRN29BMlY2OA","metadata":{"@type":"type.googleapis.com/google.cloud.functions.v1.OperationMetadataV1","target":"projects/onlineprint4u-a5468/locations/us-central1/functions/sendPasswordReset","type":"UPDATE_FUNCTION","request":{"@type":"type.googleapis.com/google.cloud.functions.v1.CloudFunction","name":"projects/onlineprint4u-a5468/locations/us-central1/functions/sendPasswordReset","httpsTrigger":{"url":"https://us-central1-onlineprint4u-a5468.cloudfunctions.net/sendPasswordReset","securityLevel":"SECURE_ALWAYS"},"status":"OFFLINE","entryPoint":"sendPasswordReset","updateTime":"2026-09-09T18:27:12.983Z","versionId":"1","labels":{"deployment-tool":"cli-firebase","deployment-callable":"true","firebase-functions-hash":"9b4d57361c722378ef978765ec91b3f3428b8a77"},"sourceUploadUrl":"https://storage.googleapis.com/uploads-824660725501.us-central1.cloudfunctions.appspot.com/de28b46c-1def-4168-8290-e7bca74c624a.zip?GoogleAccessId=service-72980058633@gcf-admin-robot.iam.gserviceaccount.com&Expires=1788981722&Signature=tAqVNEpqm8LXlQEuk%2BtGKMMFa2K6H3e9q1Aq30k7373ULotwPaVcSc3NFyJkQiVFBQEv3nvySrftw60kB3UzxLUrQ0bOvB7M0utIqsnKLonz9VJ27SDW6hoLgR6P1VJw1UgLrEfu2Z%2FnBeYgq%2F1YW9aNRtFqaDzrYSTlJEN4DrSw1VoRqjVnkXZJ6aHI%2F7LZNMb3kNsAKB2D%2FOrGTgXO3MtuWrTRq6kqqSStFu2t0ohI90hUQDf6hq%2BgW9nE%2FbS3YrsmI3EbPYLjBOEmh%2BBYx3PZ8csvJmkMJbztNTcpn9a5%2F7%2FWjhx4rNw9kCGT5a15g4J%2BkFc3YJPMzTgyGW3wTg%3D%3D","environmentVariables":{"FIREBASE_CONFIG":"{\"projectId\":\"onlineprint4u-a5468\",\"databaseURL\":\"https://onlineprint4u-a5468-default-rtdb.firebaseio.com\",\"storageBucket\":\"onlineprint4u-a5468.firebasestorage.app\"}","GCLOUD_PROJECT":"onlineprint4u-a5468","EVENTARC_CLOUD_EVENT_SOURCE":"projects/onlineprint4u-a5468/locations/us-central1/functions/sendPasswordReset"},"runtime":"nodejs20","buildId":"2caf52e2-9ef5-4d50-b6de-d248346d3111","buildEnvironmentVariables":{"GOOGLE_NODE_RUN_SCRIPTS":""},"secretEnvironmentVariables":[{"key":"VITE_ZOHO_USER","projectId":"onlineprint4u-a5468","secret":"VITE_ZOHO_USER","version":"1"},{"key":"VITE_ZOHO_PASS","projectId":"onlineprint4u-a5468","secret":"VITE_ZOHO_PASS","version":"1"},{"key":"VITE_ZOHO_SMTP_HOST","projectId":"onlineprint4u-a5468","secret":"VITE_ZOHO_SMTP_HOST","version":"1"},{"key":"VITE_ZOHO_SMTP_PORT","projectId":"onlineprint4u-a5468","secret":"VITE_ZOHO_SMTP_PORT","version":"1"},{"key":"VITE_ZOHO_FROM","projectId":"onlineprint4u-a5468","secret":"VITE_ZOHO_FROM","version":"1"}],"sourceToken":"809a70c4-60ea-4206-9145-63d2b5ac1cd4","buildName":"projects/72980058633/locations/us-central1/builds/2caf52e2-9ef5-4d50-b6de-d248346d3111","dockerRegistry":"ARTIFACT_REGISTRY","automaticUpdatePolicy":{},"buildServiceAccount":"projects/onlineprint4u-a5468/serviceAccounts/72980058633-compute@developer.gserviceaccount.com"},"versionId":"2","updateTime":"2026-09-09T18:53:19Z","buildId":"f31b27c3-e838-4a91-9bb3-086af634028e","sourceToken":"809a70c4-60ea-4206-9145-63d2b5ac1cd4","buildName":"projects/72980058633/locations/us-central1/builds/f31b27c3-e838-4a91-9bb3-086af634028e"},"done":true,"response":{"@type":"type.googleapis.com/google.cloud.functions.v1.CloudFunction","name":"projects/onlineprint4u-a5468/locations/us-central1/functions/sendPasswordReset","httpsTrigger":{"url":"https://us-central1-onlineprint4u-a5468.cloudfunctions.net/sendPasswordReset","securityLevel":"SECURE_ALWAYS"},"status":"ACTIVE","entryPoint":"sendPasswordReset","timeout":"60s","availableMemoryMb":256,"serviceAccountEmail":"onlineprint4u-a5468@appspot.gserviceaccount.com","updateTime":"2026-09-09T18:53:19.266Z","versionId":"2","labels":{"deployment-tool":"cli-firebase","deployment-callable":"true","firebase-functions-hash":"9b4d57361c722378ef978765ec91b3f3428b8a77"},"sourceUploadUrl":"https://storage.googleapis.com/uploads-824660725501.us-central1.cloudfunctions.appspot.com/de28b46c-1def-4168-8290-e7bca74c624a.zip","environmentVariables":{"FIREBASE_CONFIG":"{\"projectId\":\"onlineprint4u-a5468\",\"databaseURL\":\"https://onlineprint4u-a5468-default-rtdb.firebaseio.com\",\"storageBucket\":\"onlineprint4u-a5468.firebasestorage.app\"}","GCLOUD_PROJECT":"onlineprint4u-a5468","EVENTARC_CLOUD_EVENT_SOURCE":"projects/onlineprint4u-a5468/locations/us-central1/functions/sendPasswordReset"},"runtime":"nodejs20","ingressSettings":"ALLOW_ALL","buildId":"f31b27c3-e838-4a91-9bb3-086af634028e","buildEnvironmentVariables":{"GOOGLE_NODE_RUN_SCRIPTS":""},"secretEnvironmentVariables":[{"key":"VITE_ZOHO_USER","projectId":"72980058633","secret":"VITE_ZOHO_USER","version":"1"},{"key":"VITE_ZOHO_PASS","projectId":"72980058633","secret":"VITE_ZOHO_PASS","version":"1"},{"key":"VITE_ZOHO_SMTP_HOST","projectId":"72980058633","secret":"VITE_ZOHO_SMTP_HOST","version":"1"},{"key":"VITE_ZOHO_SMTP_PORT","projectId":"72980058633","secret":"VITE_ZOHO_SMTP_PORT","version":"1"},{"key":"VITE_ZOHO_FROM","projectId":"72980058633","secret":"VITE_ZOHO_FROM","version":"1"}],"buildName":"projects/72980058633/locations/us-central1/builds/f31b27c3-e838-4a91-9bb3-086af634028e","dockerRegistry":"ARTIFACT_REGISTRY","automaticUpdatePolicy":{},"buildServiceAccount":"projects/onlineprint4u-a5468/serviceAccounts/72980058633-compute@developer.gserviceaccount.com"}}
[debug] [2026-09-09T18:53:22.046Z] Got source token 809a70c4-60ea-4206-9145-63d2b5ac1cd4 for region us-central1
[info] +  functions[sendPasswordReset(us-central1)] Successful update operation. 
[debug] [2026-09-09T18:53:23.160Z] [update-default-us-central1-onOrderCreated] Retrying task index 0
[debug] [2026-09-09T18:53:23.161Z] Checked if tokens are valid: true, expires at: 1788982786771
[debug] [2026-09-09T18:53:23.161Z] Checked if tokens are valid: true, expires at: 1788982786771
[debug] [2026-09-09T18:53:23.162Z] >>> [apiv2][query] GET https://cloudfunctions.googleapis.com/v1/operations/b25saW5lcHJpbnQ0dS1hNTQ2OC91cy1jZW50cmFsMS9vbk9yZGVyQ3JlYXRlZC9RQVN6ckpqMV85UQ [none]
[debug] [2026-09-09T18:53:23.682Z] <<< [apiv2][status] GET https://cloudfunctions.googleapis.com/v1/operations/b25saW5lcHJpbnQ0dS1hNTQ2OC91cy1jZW50cmFsMS9vbk9yZGVyQ3JlYXRlZC9RQVN6ckpqMV85UQ 200
[debug] [2026-09-09T18:53:23.683Z] <<< [apiv2][body] GET https://cloudfunctions.googleapis.com/v1/operations/b25saW5lcHJpbnQ0dS1hNTQ2OC91cy1jZW50cmFsMS9vbk9yZGVyQ3JlYXRlZC9RQVN6ckpqMV85UQ {"name":"operations/b25saW5lcHJpbnQ0dS1hNTQ2OC91cy1jZW50cmFsMS9vbk9yZGVyQ3JlYXRlZC9RQVN6ckpqMV85UQ","metadata":{"@type":"type.googleapis.com/google.cloud.functions.v1.OperationMetadataV1","target":"projects/onlineprint4u-a5468/locations/us-central1/functions/onOrderCreated","type":"UPDATE_FUNCTION","request":{"@type":"type.googleapis.com/google.cloud.functions.v1.CloudFunction","name":"projects/onlineprint4u-a5468/locations/us-central1/functions/onOrderCreated","eventTrigger":{"eventType":"providers/cloud.firestore/eventTypes/document.create","resource":"projects/onlineprint4u-a5468/databases/(default)/documents/orders/{orderId}","service":"firestore.googleapis.com"},"status":"OFFLINE","entryPoint":"onOrderCreated","updateTime":"2026-09-09T18:27:12.447Z","versionId":"1","labels":{"deployment-tool":"cli-firebase","firebase-functions-hash":"9b4d57361c722378ef978765ec91b3f3428b8a77"},"sourceUploadUrl":"https://storage.googleapis.com/uploads-824660725501.us-central1.cloudfunctions.appspot.com/de28b46c-1def-4168-8290-e7bca74c624a.zip?GoogleAccessId=service-72980058633@gcf-admin-robot.iam.gserviceaccount.com&Expires=1788981722&Signature=tAqVNEpqm8LXlQEuk%2BtGKMMFa2K6H3e9q1Aq30k7373ULotwPaVcSc3NFyJkQiVFBQEv3nvySrftw60kB3UzxLUrQ0bOvB7M0utIqsnKLonz9VJ27SDW6hoLgR6P1VJw1UgLrEfu2Z%2FnBeYgq%2F1YW9aNRtFqaDzrYSTlJEN4DrSw1VoRqjVnkXZJ6aHI%2F7LZNMb3kNsAKB2D%2FOrGTgXO3MtuWrTRq6kqqSStFu2t0ohI90hUQDf6hq%2BgW9nE%2FbS3YrsmI3EbPYLjBOEmh%2BBYx3PZ8csvJmkMJbztNTcpn9a5%2F7%2FWjhx4rNw9kCGT5a15g4J%2BkFc3YJPMzTgyGW3wTg%3D%3D","environmentVariables":{"FIREBASE_CONFIG":"{\"projectId\":\"onlineprint4u-a5468\",\"databaseURL\":\"https://onlineprint4u-a5468-default-rtdb.firebaseio.com\",\"storageBucket\":\"onlineprint4u-a5468.firebasestorage.app\"}","GCLOUD_PROJECT":"onlineprint4u-a5468","EVENTARC_CLOUD_EVENT_SOURCE":"projects/onlineprint4u-a5468/locations/us-central1/functions/onOrderCreated"},"runtime":"nodejs20","buildId":"b904138a-763f-45ed-9ce8-0c5453c3cf46","buildEnvironmentVariables":{"GOOGLE_NODE_RUN_SCRIPTS":""},"secretEnvironmentVariables":[{"key":"VITE_ZOHO_USER","projectId":"onlineprint4u-a5468","secret":"VITE_ZOHO_USER","version":"1"},{"key":"VITE_ZOHO_PASS","projectId":"onlineprint4u-a5468","secret":"VITE_ZOHO_PASS","version":"1"},{"key":"VITE_ZOHO_SMTP_HOST","projectId":"onlineprint4u-a5468","secret":"VITE_ZOHO_SMTP_HOST","version":"1"},{"key":"VITE_ZOHO_SMTP_PORT","projectId":"onlineprint4u-a5468","secret":"VITE_ZOHO_SMTP_PORT","version":"1"},{"key":"VITE_ZOHO_FROM","projectId":"onlineprint4u-a5468","secret":"VITE_ZOHO_FROM","version":"1"}],"sourceToken":"809a70c4-60ea-4206-9145-63d2b5ac1cd4","buildName":"projects/72980058633/locations/us-central1/builds/b904138a-763f-45ed-9ce8-0c5453c3cf46","dockerRegistry":"ARTIFACT_REGISTRY","automaticUpdatePolicy":{},"buildServiceAccount":"projects/onlineprint4u-a5468/serviceAccounts/72980058633-compute@developer.gserviceaccount.com"},"versionId":"2","updateTime":"2026-09-09T18:53:12Z","buildId":"f31b27c3-e838-4a91-9bb3-086af634028e","sourceToken":"809a70c4-60ea-4206-9145-63d2b5ac1cd4","buildName":"projects/72980058633/locations/us-central1/builds/f31b27c3-e838-4a91-9bb3-086af634028e"}}
[debug] [2026-09-09T18:53:23.683Z] Got source token 809a70c4-60ea-4206-9145-63d2b5ac1cd4 for region us-central1
[debug] [2026-09-09T18:53:30.927Z] [update-default-us-central1-sendOtp] Retrying task index 0
[debug] [2026-09-09T18:53:30.928Z] Checked if tokens are valid: true, expires at: 1788982786771
[debug] [2026-09-09T18:53:30.928Z] Checked if tokens are valid: true, expires at: 1788982786771
[debug] [2026-09-09T18:53:30.928Z] >>> [apiv2][query] GET https://cloudfunctions.googleapis.com/v1/operations/b25saW5lcHJpbnQ0dS1hNTQ2OC91cy1jZW50cmFsMS9zZW5kT3RwLzBwNU8zd1FmaDhV [none]
[debug] [2026-09-09T18:53:31.687Z] [update-default-us-central1-onOrderCreated] Retrying task index 0
[debug] [2026-09-09T18:53:31.688Z] Checked if tokens are valid: true, expires at: 1788982786771
[debug] [2026-09-09T18:53:31.688Z] Checked if tokens are valid: true, expires at: 1788982786771
[debug] [2026-09-09T18:53:31.689Z] >>> [apiv2][query] GET https://cloudfunctions.googleapis.com/v1/operations/b25saW5lcHJpbnQ0dS1hNTQ2OC91cy1jZW50cmFsMS9vbk9yZGVyQ3JlYXRlZC9RQVN6ckpqMV85UQ [none]
[debug] [2026-09-09T18:53:31.862Z] <<< [apiv2][status] GET https://cloudfunctions.googleapis.com/v1/operations/b25saW5lcHJpbnQ0dS1hNTQ2OC91cy1jZW50cmFsMS9zZW5kT3RwLzBwNU8zd1FmaDhV 200
[debug] [2026-09-09T18:53:31.862Z] <<< [apiv2][body] GET https://cloudfunctions.googleapis.com/v1/operations/b25saW5lcHJpbnQ0dS1hNTQ2OC91cy1jZW50cmFsMS9zZW5kT3RwLzBwNU8zd1FmaDhV {"name":"operations/b25saW5lcHJpbnQ0dS1hNTQ2OC91cy1jZW50cmFsMS9zZW5kT3RwLzBwNU8zd1FmaDhV","metadata":{"@type":"type.googleapis.com/google.cloud.functions.v1.OperationMetadataV1","target":"projects/onlineprint4u-a5468/locations/us-central1/functions/sendOtp","type":"UPDATE_FUNCTION","request":{"@type":"type.googleapis.com/google.cloud.functions.v1.CloudFunction","name":"projects/onlineprint4u-a5468/locations/us-central1/functions/sendOtp","httpsTrigger":{"url":"https://us-central1-onlineprint4u-a5468.cloudfunctions.net/sendOtp","securityLevel":"SECURE_ALWAYS"},"status":"OFFLINE","entryPoint":"sendOtp","updateTime":"2026-09-09T18:26:28.355Z","versionId":"1","labels":{"deployment-tool":"cli-firebase","firebase-functions-hash":"9b4d57361c722378ef978765ec91b3f3428b8a77"},"sourceUploadUrl":"https://storage.googleapis.com/uploads-824660725501.us-central1.cloudfunctions.appspot.com/de28b46c-1def-4168-8290-e7bca74c624a.zip?GoogleAccessId=service-72980058633@gcf-admin-robot.iam.gserviceaccount.com&Expires=1788981722&Signature=tAqVNEpqm8LXlQEuk%2BtGKMMFa2K6H3e9q1Aq30k7373ULotwPaVcSc3NFyJkQiVFBQEv3nvySrftw60kB3UzxLUrQ0bOvB7M0utIqsnKLonz9VJ27SDW6hoLgR6P1VJw1UgLrEfu2Z%2FnBeYgq%2F1YW9aNRtFqaDzrYSTlJEN4DrSw1VoRqjVnkXZJ6aHI%2F7LZNMb3kNsAKB2D%2FOrGTgXO3MtuWrTRq6kqqSStFu2t0ohI90hUQDf6hq%2BgW9nE%2FbS3YrsmI3EbPYLjBOEmh%2BBYx3PZ8csvJmkMJbztNTcpn9a5%2F7%2FWjhx4rNw9kCGT5a15g4J%2BkFc3YJPMzTgyGW3wTg%3D%3D","environmentVariables":{"FIREBASE_CONFIG":"{\"projectId\":\"onlineprint4u-a5468\",\"databaseURL\":\"https://onlineprint4u-a5468-default-rtdb.firebaseio.com\",\"storageBucket\":\"onlineprint4u-a5468.firebasestorage.app\"}","GCLOUD_PROJECT":"onlineprint4u-a5468","EVENTARC_CLOUD_EVENT_SOURCE":"projects/onlineprint4u-a5468/locations/us-central1/functions/sendOtp"},"runtime":"nodejs20","buildId":"239ce2a7-6d1f-4af3-ba6d-64fa8b0e6858","buildEnvironmentVariables":{"GOOGLE_NODE_RUN_SCRIPTS":""},"secretEnvironmentVariables":[{"key":"VITE_ZOHO_USER","projectId":"onlineprint4u-a5468","secret":"VITE_ZOHO_USER","version":"1"},{"key":"VITE_ZOHO_PASS","projectId":"onlineprint4u-a5468","secret":"VITE_ZOHO_PASS","version":"1"},{"key":"VITE_ZOHO_SMTP_HOST","projectId":"onlineprint4u-a5468","secret":"VITE_ZOHO_SMTP_HOST","version":"1"},{"key":"VITE_ZOHO_SMTP_PORT","projectId":"onlineprint4u-a5468","secret":"VITE_ZOHO_SMTP_PORT","version":"1"},{"key":"VITE_ZOHO_FROM","projectId":"onlineprint4u-a5468","secret":"VITE_ZOHO_FROM","version":"1"}],"buildName":"projects/72980058633/locations/us-central1/builds/239ce2a7-6d1f-4af3-ba6d-64fa8b0e6858","dockerRegistry":"ARTIFACT_REGISTRY","automaticUpdatePolicy":{},"buildServiceAccount":"projects/onlineprint4u-a5468/serviceAccounts/72980058633-compute@developer.gserviceaccount.com"},"versionId":"2","updateTime":"2026-09-09T18:53:27Z","buildId":"f31b27c3-e838-4a91-9bb3-086af634028e","sourceToken":"809a70c4-60ea-4206-9145-63d2b5ac1cd4","buildName":"projects/72980058633/locations/us-central1/builds/f31b27c3-e838-4a91-9bb3-086af634028e"},"done":true,"response":{"@type":"type.googleapis.com/google.cloud.functions.v1.CloudFunction","name":"projects/onlineprint4u-a5468/locations/us-central1/functions/sendOtp","httpsTrigger":{"url":"https://us-central1-onlineprint4u-a5468.cloudfunctions.net/sendOtp","securityLevel":"SECURE_ALWAYS"},"status":"ACTIVE","entryPoint":"sendOtp","timeout":"60s","availableMemoryMb":256,"serviceAccountEmail":"onlineprint4u-a5468@appspot.gserviceaccount.com","updateTime":"2026-09-09T18:53:26.952Z","versionId":"2","labels":{"deployment-tool":"cli-firebase","firebase-functions-hash":"9b4d57361c722378ef978765ec91b3f3428b8a77"},"sourceUploadUrl":"https://storage.googleapis.com/uploads-824660725501.us-central1.cloudfunctions.appspot.com/de28b46c-1def-4168-8290-e7bca74c624a.zip","environmentVariables":{"FIREBASE_CONFIG":"{\"projectId\":\"onlineprint4u-a5468\",\"databaseURL\":\"https://onlineprint4u-a5468-default-rtdb.firebaseio.com\",\"storageBucket\":\"onlineprint4u-a5468.firebasestorage.app\"}","GCLOUD_PROJECT":"onlineprint4u-a5468","EVENTARC_CLOUD_EVENT_SOURCE":"projects/onlineprint4u-a5468/locations/us-central1/functions/sendOtp"},"runtime":"nodejs20","ingressSettings":"ALLOW_ALL","buildId":"f31b27c3-e838-4a91-9bb3-086af634028e","buildEnvironmentVariables":{"GOOGLE_NODE_RUN_SCRIPTS":""},"secretEnvironmentVariables":[{"key":"VITE_ZOHO_USER","projectId":"72980058633","secret":"VITE_ZOHO_USER","version":"1"},{"key":"VITE_ZOHO_PASS","projectId":"72980058633","secret":"VITE_ZOHO_PASS","version":"1"},{"key":"VITE_ZOHO_SMTP_HOST","projectId":"72980058633","secret":"VITE_ZOHO_SMTP_HOST","version":"1"},{"key":"VITE_ZOHO_SMTP_PORT","projectId":"72980058633","secret":"VITE_ZOHO_SMTP_PORT","version":"1"},{"key":"VITE_ZOHO_FROM","projectId":"72980058633","secret":"VITE_ZOHO_FROM","version":"1"}],"buildName":"projects/72980058633/locations/us-central1/builds/f31b27c3-e838-4a91-9bb3-086af634028e","dockerRegistry":"ARTIFACT_REGISTRY","automaticUpdatePolicy":{},"buildServiceAccount":"projects/onlineprint4u-a5468/serviceAccounts/72980058633-compute@developer.gserviceaccount.com"}}
[debug] [2026-09-09T18:53:31.862Z] Got source token 809a70c4-60ea-4206-9145-63d2b5ac1cd4 for region us-central1
[info] +  functions[sendOtp(us-central1)] Successful update operation. 
[debug] [2026-09-09T18:53:32.433Z] <<< [apiv2][status] GET https://cloudfunctions.googleapis.com/v1/operations/b25saW5lcHJpbnQ0dS1hNTQ2OC91cy1jZW50cmFsMS9vbk9yZGVyQ3JlYXRlZC9RQVN6ckpqMV85UQ 200
[debug] [2026-09-09T18:53:32.434Z] <<< [apiv2][body] GET https://cloudfunctions.googleapis.com/v1/operations/b25saW5lcHJpbnQ0dS1hNTQ2OC91cy1jZW50cmFsMS9vbk9yZGVyQ3JlYXRlZC9RQVN6ckpqMV85UQ {"name":"operations/b25saW5lcHJpbnQ0dS1hNTQ2OC91cy1jZW50cmFsMS9vbk9yZGVyQ3JlYXRlZC9RQVN6ckpqMV85UQ","metadata":{"@type":"type.googleapis.com/google.cloud.functions.v1.OperationMetadataV1","target":"projects/onlineprint4u-a5468/locations/us-central1/functions/onOrderCreated","type":"UPDATE_FUNCTION","request":{"@type":"type.googleapis.com/google.cloud.functions.v1.CloudFunction","name":"projects/onlineprint4u-a5468/locations/us-central1/functions/onOrderCreated","eventTrigger":{"eventType":"providers/cloud.firestore/eventTypes/document.create","resource":"projects/onlineprint4u-a5468/databases/(default)/documents/orders/{orderId}","service":"firestore.googleapis.com"},"status":"OFFLINE","entryPoint":"onOrderCreated","updateTime":"2026-09-09T18:27:12.447Z","versionId":"1","labels":{"deployment-tool":"cli-firebase","firebase-functions-hash":"9b4d57361c722378ef978765ec91b3f3428b8a77"},"sourceUploadUrl":"https://storage.googleapis.com/uploads-824660725501.us-central1.cloudfunctions.appspot.com/de28b46c-1def-4168-8290-e7bca74c624a.zip?GoogleAccessId=service-72980058633@gcf-admin-robot.iam.gserviceaccount.com&Expires=1788981722&Signature=tAqVNEpqm8LXlQEuk%2BtGKMMFa2K6H3e9q1Aq30k7373ULotwPaVcSc3NFyJkQiVFBQEv3nvySrftw60kB3UzxLUrQ0bOvB7M0utIqsnKLonz9VJ27SDW6hoLgR6P1VJw1UgLrEfu2Z%2FnBeYgq%2F1YW9aNRtFqaDzrYSTlJEN4DrSw1VoRqjVnkXZJ6aHI%2F7LZNMb3kNsAKB2D%2FOrGTgXO3MtuWrTRq6kqqSStFu2t0ohI90hUQDf6hq%2BgW9nE%2FbS3YrsmI3EbPYLjBOEmh%2BBYx3PZ8csvJmkMJbztNTcpn9a5%2F7%2FWjhx4rNw9kCGT5a15g4J%2BkFc3YJPMzTgyGW3wTg%3D%3D","environmentVariables":{"FIREBASE_CONFIG":"{\"projectId\":\"onlineprint4u-a5468\",\"databaseURL\":\"https://onlineprint4u-a5468-default-rtdb.firebaseio.com\",\"storageBucket\":\"onlineprint4u-a5468.firebasestorage.app\"}","GCLOUD_PROJECT":"onlineprint4u-a5468","EVENTARC_CLOUD_EVENT_SOURCE":"projects/onlineprint4u-a5468/locations/us-central1/functions/onOrderCreated"},"runtime":"nodejs20","buildId":"b904138a-763f-45ed-9ce8-0c5453c3cf46","buildEnvironmentVariables":{"GOOGLE_NODE_RUN_SCRIPTS":""},"secretEnvironmentVariables":[{"key":"VITE_ZOHO_USER","projectId":"onlineprint4u-a5468","secret":"VITE_ZOHO_USER","version":"1"},{"key":"VITE_ZOHO_PASS","projectId":"onlineprint4u-a5468","secret":"VITE_ZOHO_PASS","version":"1"},{"key":"VITE_ZOHO_SMTP_HOST","projectId":"onlineprint4u-a5468","secret":"VITE_ZOHO_SMTP_HOST","version":"1"},{"key":"VITE_ZOHO_SMTP_PORT","projectId":"onlineprint4u-a5468","secret":"VITE_ZOHO_SMTP_PORT","version":"1"},{"key":"VITE_ZOHO_FROM","projectId":"onlineprint4u-a5468","secret":"VITE_ZOHO_FROM","version":"1"}],"sourceToken":"809a70c4-60ea-4206-9145-63d2b5ac1cd4","buildName":"projects/72980058633/locations/us-central1/builds/b904138a-763f-45ed-9ce8-0c5453c3cf46","dockerRegistry":"ARTIFACT_REGISTRY","automaticUpdatePolicy":{},"buildServiceAccount":"projects/onlineprint4u-a5468/serviceAccounts/72980058633-compute@developer.gserviceaccount.com"},"versionId":"2","updateTime":"2026-09-09T18:53:31Z","buildId":"f31b27c3-e838-4a91-9bb3-086af634028e","sourceToken":"809a70c4-60ea-4206-9145-63d2b5ac1cd4","buildName":"projects/72980058633/locations/us-central1/builds/f31b27c3-e838-4a91-9bb3-086af634028e"},"done":true,"response":{"@type":"type.googleapis.com/google.cloud.functions.v1.CloudFunction","name":"projects/onlineprint4u-a5468/locations/us-central1/functions/onOrderCreated","eventTrigger":{"eventType":"providers/cloud.firestore/eventTypes/document.create","resource":"projects/onlineprint4u-a5468/databases/(default)/documents/orders/{orderId}","service":"firestore.googleapis.com","failurePolicy":{}},"status":"ACTIVE","entryPoint":"onOrderCreated","timeout":"60s","availableMemoryMb":256,"serviceAccountEmail":"onlineprint4u-a5468@appspot.gserviceaccount.com","updateTime":"2026-09-09T18:53:31.488Z","versionId":"2","labels":{"deployment-tool":"cli-firebase","firebase-functions-hash":"9b4d57361c722378ef978765ec91b3f3428b8a77"},"sourceUploadUrl":"https://storage.googleapis.com/uploads-824660725501.us-central1.cloudfunctions.appspot.com/de28b46c-1def-4168-8290-e7bca74c624a.zip","environmentVariables":{"FIREBASE_CONFIG":"{\"projectId\":\"onlineprint4u-a5468\",\"databaseURL\":\"https://onlineprint4u-a5468-default-rtdb.firebaseio.com\",\"storageBucket\":\"onlineprint4u-a5468.firebasestorage.app\"}","GCLOUD_PROJECT":"onlineprint4u-a5468","EVENTARC_CLOUD_EVENT_SOURCE":"projects/onlineprint4u-a5468/locations/us-central1/functions/onOrderCreated"},"runtime":"nodejs20","maxInstances":3000,"ingressSettings":"ALLOW_ALL","buildId":"f31b27c3-e838-4a91-9bb3-086af634028e","buildEnvironmentVariables":{"GOOGLE_NODE_RUN_SCRIPTS":""},"secretEnvironmentVariables":[{"key":"VITE_ZOHO_USER","projectId":"72980058633","secret":"VITE_ZOHO_USER","version":"1"},{"key":"VITE_ZOHO_PASS","projectId":"72980058633","secret":"VITE_ZOHO_PASS","version":"1"},{"key":"VITE_ZOHO_SMTP_HOST","projectId":"72980058633","secret":"VITE_ZOHO_SMTP_HOST","version":"1"},{"key":"VITE_ZOHO_SMTP_PORT","projectId":"72980058633","secret":"VITE_ZOHO_SMTP_PORT","version":"1"},{"key":"VITE_ZOHO_FROM","projectId":"72980058633","secret":"VITE_ZOHO_FROM","version":"1"}],"buildName":"projects/72980058633/locations/us-central1/builds/f31b27c3-e838-4a91-9bb3-086af634028e","dockerRegistry":"ARTIFACT_REGISTRY","automaticUpdatePolicy":{},"buildServiceAccount":"projects/onlineprint4u-a5468/serviceAccounts/72980058633-compute@developer.gserviceaccount.com"}}
[debug] [2026-09-09T18:53:32.434Z] Got source token 809a70c4-60ea-4206-9145-63d2b5ac1cd4 for region us-central1
[info] +  functions[onOrderCreated(us-central1)] Successful update operation. 
[debug] [2026-09-09T18:53:32.443Z] Total Function Deployment time: 85500
[debug] [2026-09-09T18:53:32.443Z] 4 Functions Deployed
[debug] [2026-09-09T18:53:32.443Z] 0 Functions Errored
[debug] [2026-09-09T18:53:32.444Z] 0 Function Deployments Aborted
[debug] [2026-09-09T18:53:32.444Z] Average Function Deployment time: 80011.5
[info] Function URL (sendOtp(us-central1)): https://us-central1-onlineprint4u-a5468.cloudfunctions.net/sendOtp
[debug] [2026-09-09T18:53:32.685Z] Checked if tokens are valid: true, expires at: 1788982786771
[debug] [2026-09-09T18:53:32.686Z] Checked if tokens are valid: true, expires at: 1788982786771
[debug] [2026-09-09T18:53:32.686Z] >>> [apiv2][query] GET https://artifactregistry.googleapis.com/v1/projects/onlineprint4u-a5468/locations/us-central1/repositories/gcf-artifacts [none]
[debug] [2026-09-09T18:53:34.356Z] <<< [apiv2][status] GET https://artifactregistry.googleapis.com/v1/projects/onlineprint4u-a5468/locations/us-central1/repositories/gcf-artifacts 200
[debug] [2026-09-09T18:53:34.356Z] <<< [apiv2][body] GET https://artifactregistry.googleapis.com/v1/projects/onlineprint4u-a5468/locations/us-central1/repositories/gcf-artifacts {"name":"projects/onlineprint4u-a5468/locations/us-central1/repositories/gcf-artifacts","format":"DOCKER","description":"This repository is created and used by Cloud Functions for storing function docker images.","labels":{"goog-managed-by":"cloudfunctions"},"createTime":"2026-09-09T18:25:45.109294Z","updateTime":"2026-09-09T18:52:59.469529Z","mode":"STANDARD_REPOSITORY","cleanupPolicies":{"firebase-functions-cleanup":{"id":"firebase-functions-cleanup","action":"DELETE","condition":{"tagState":"ANY","olderThan":"2592000s"}}},"sizeBytes":"519590048","vulnerabilityScanningConfig":{"lastEnableTime":"2026-09-09T18:25:33.547944068Z","enablementState":"SCANNING_DISABLED","enablementStateReason":"API containerscanning.googleapis.com is not enabled."},"satisfiesPzi":true,"registryUri":"us-central1-docker.pkg.dev/onlineprint4u-a5468/gcf-artifacts"}
[info] 
[info] +  Deploy complete! 
[info] 
[info] Project Console: https://console.firebase.google.com/project/onlineprint4u-a5468/overview
